participant_id,turn_number,student_message,tutor_reply,category,rationale,misconception_flag,misconception_label,rubric_level,rubric_label,rubric_rationale,created_at
P002,1,"yes, it makes sense","So, to summarize, when you initially choose a door, there's a 1/3 chance of the car being behind it. The other two doors combined have a 2/3 chance of having the car. When the host opens one of those two doors and shows you a goat, the 2/3 chance doesn't disappear - it transfers to the one remaining unopened door. This is why switching doors gives you a 2/3 chance of winning, while sticking with your original choice only gives you a 1/3 chance. Did this explanation help clarify things further for you?",expository,Expository control response directly explains the concept and checks understanding.,False,,,,,2026-04-15 10:36:19.125489+00
P002,2,"It did help, I understood","The key point to remember is that the host's action of opening a door and showing a goat doesn't change the initial 1/3 chance of your chosen door, but it does transfer the 2/3 chance to the other unopened door, making switching the better option. If you're comfortable with the concept, we can stop here. If you'd like more clarification or examples, just let me know. Would you like to stop or continue exploring the Monty Hall Problem?",expository,Expository control response directly explains the concept and checks understanding.,False,,,,,2026-04-15 10:36:32.687243+00
P002,3,"no, I already understood","I'm glad I could help you understand the Monty Hall Problem. It's a fascinating concept that can be a bit counterintuitive at first, but once you grasp it, it's quite straightforward. If you have any other questions or topics you'd like to explore in the future, feel free to reach out. Otherwise, it was a pleasure helping you, and I bid you farewell.",expository,Expository control response directly explains the concept and checks understanding.,False,,,,,2026-04-15 10:36:46.096847+00
P002,4,goodbye,"Goodbye, it was nice helping you understand the Monty Hall Problem.",expository,Expository control response directly explains the concept and checks understanding.,False,,,,,2026-04-15 10:36:57.35991+00
P002,5,to close,Understood. We can stop here. Thanks for your participation.,purpose,Student explicitly requested to stop the session.,False,,0.0,n0,Student stopped without adding a justification for the choice.,2026-04-15 10:37:03.829724+00
P003,1,"yes, it makes sense","When you first choose a door, there's a 1/3 chance the car is behind it and a 2/3 chance it's behind one of the other two doors. When the host opens one of those other two doors and shows a goat, the 2/3 probability doesn't disappear - it transfers to the remaining unopened door. So, switching doors effectively gives you the combined probability of the two doors you didn't originally choose, which is 2/3. Did this explanation help reinforce your understanding?",expository,Expository control response directly explains the concept and checks understanding.,False,,,,,2026-04-15 21:30:48.811004+00
P003,2,"I've already said that it makes sense. I give up, that's it.",Understood. We can stop here. Thanks for your participation.,purpose,Student explicitly requested to stop the session.,False,,0.0,n0,Student stopped without adding a justification for the choice.,2026-04-15 21:31:03.16735+00
P004,1,"im gonna stay w my original door, but i dont think its really gonna change anything if I pick the other one",Does the host open a door randomly? What makes you think that? Is the host's choice really random?,assumption,"The student assumes switching or staying with their original choice has the same outcome, implying a 50/50 chance between the two remaining doors.",True,It's 50/50 after one door is opened,1.0,n1,The student provides an intuitive but incorrect answer.,2026-04-15 16:17:11.783344+00
P004,2,"No, he obviusly know where is the car, he will never open my door, and nevers gonna open the car's door, so, will always be a door w a goat",How does host's knowledge affect door odds? Does it matter which door you picked? What changes after host opens a door?,information,"The student recognizes the host's action is not random and is based on knowledge of the car's location, which is a key piece of information in the Monty Hall problem.",False,,2.0,n2,The student partially understands the problem by recognizing the host's non-random action.,2026-04-15 16:18:06.851708+00
P004,3,"actually, you r right, the odds really changes, I wanna change, this way I will increase my odds from 1/3 to 2/3 - because the first door had initially 1/3 while the 2 others had 2/3. So, later he open one of the doors of the 2/3 and let me change, Im basically changing 1/3 for 2/3. I would change, for sure",What happens to the 2/3 chance when one door is opened? Is it still split between two doors? Does the opened door's chance disappear?,implication,"The student has finally understood the implication of the host's knowledge and action on the door odds, leading to a change in their decision.",False,,4.0,n4,The student demonstrates a correct answer with explicit causal demonstration of the initial 1/3 and transferred 2/3 logic.,2026-04-15 16:21:13.048262+00
P005,1,"While I understand the explanation, this explanation does not adequately explain to me the reason why the probability of choosing the prize door increases when the door is opened.","Great. Now explain fully why switching is better, including why your first door is 1/3 and the other becomes 2/3.",expository_check,Student said they understood and was asked for a full explanation.,False,,,,,2026-04-13 02:18:27.855932+00
P005,2,"I don’t know, you didn’t explain to me the logic",Thanks for your explanation. Session complete. Please continue to the final questionnaire.,expository_assessment,Final explanatory answer assessed with rubric.,True,incomplete_explanation,0.0,n0,The student provides no justification for their understanding.,2026-04-13 02:18:57.132398+00
P006,1,I would stay with mine,Why equal chance now? Did host's choice matter?,assumption,"The student assumes that switching or staying has an equal probability of winning, which is a common misconception in the Monty Hall problem.",True,It's 50/50 after one door is opened,1.0,n1,The student provides an intuitive but incorrect answer.,2026-04-15 20:27:48.573492+00
P006,2,"yes, the choice matters",How does host know which to open? Is it random?,information,"The student acknowledges the host's choice matters, but doesn't elaborate on how it affects the probability, indicating a potential lack of understanding of the key information about the host's role.",True,The host's action is random,1.0,n1,The student provides an intuitive response but doesn't demonstrate a correct understanding of the problem.,2026-04-15 20:28:07.885952+00
P006,3,"it's not random, he's always going to open one with a goat",What does host know before opening a door? Does he know what's behind your door?,information,The student recognizes the host's action is not random and is based on knowledge of what's behind the doors,False,,2.0,n2,"The student understands the host's action is informed, but hasn't applied this to the probability of winning",2026-04-15 20:28:26.283364+00
P006,4,"yes, he knows",Does host's knowledge change your door's chance? What's the host's goal?,information,"The student acknowledges the host's knowledge of what's behind the doors, which is a crucial piece of information in the Monty Hall Problem.",False,,2.0,n2,"The student demonstrates partial understanding by recognizing the host's knowledge, but hasn't yet applied it to the probability of winning.",2026-04-15 20:28:41.103648+00
P006,5,"Yes, it changes the chances, because when I open one of the 2 doors that I didn't choose, the 2/3 chance that was distributed among the 2 doors is now concentrated on the only closed one that I didn't choose - actually, I'm going to switch",What was your door's chance before host opened one? Does switching change that?,implication,The student has finally understood the implication of the host's knowledge and action on the probability of the doors,False,,4.0,n4,"The student demonstrates a correct understanding of the problem, including the initial 1/3 and transferred 2/3 logic, and explicitly states the causal demonstration for switching",2026-04-15 20:29:57.861665+00
P007,1,Switch,Why switch now? Does the host's action change things?,information,"The student's response implies they have some understanding of the problem, but the reasoning behind their choice is not provided.",False,,3.0,n3,"The student chose the correct action, switching, but did not provide any causal demonstration for their decision.",2026-04-11 13:40:43.189719+00
P007,2,"Only if we knew, the show host knows the position of the car and is every time expected to open one door without the car",Does the host's knowledge affect all doors equally? How does he choose? Always?,information,The student recognizes the importance of the host's knowledge and action in the Monty Hall problem.,False,,3.0,n3,The student correctly identifies a key condition for the problem.,2026-04-11 13:43:24.032082+00
P007,3,"If i had chosen the car-door in the beginning, he can choose freely and open one of the other doors, since both don't have the car behind. So always switching will have me lose in this case. In the other case, where I had chosen a non-car-door before, he opens the other non-car-door, which leads to the remaining door being the car-door. If I switch, I Win (if I want the car, and Not the other ""Win"" e.g. the goat, so that's another condition.",Does freedom to choose imply equal chance? What about the host's choice pattern? Does it change probabilities?,implication,The student is thinking through the implications of the host's knowledge and actions on the outcome of switching or staying with their initial choice,False,,4.0,n4,"The student demonstrates an understanding of the causal logic behind the Monty Hall problem, including the host's role and the implications of switching",2026-04-11 13:47:33.202618+00
P007,4,"That's what I said, if he is not always opening a non-car-door or at least i don't have this part of information, the decusion is not as simple, as it involves psychology, and not just mathmatics",What if you knew the host's rule? Would math apply then? How?,information,"The student is highlighting the importance of knowing the host's choice pattern to make a decision, indicating they recognize a key piece of information is required for a purely mathematical solution.",False,,3.0,n3,The student understands the problem requires knowing the host's behavior to apply mathematical reasoning correctly.,2026-04-11 13:49:55.312091+00
P007,5,"It depends on the rule. I mean, math applies every where, if you consider the consideration of randomness (i.e. the theory of probability) also part of math.",Progressing. Does random mean equal chance here? Is host's rule random?,concept,The student is discussing the role of math and probability in understanding the host's rule and its impact on the decision to switch or stay.,False,,3.0,n3,"The student recognizes that math applies to the problem, including the consideration of randomness and probability.",2026-04-11 13:51:56.765059+00
P007,6,No,What makes a choice random? Does it always mean 50/50 chance?,concept,"The student understands that 'random' does not necessarily mean 'equal chance' in the context of the host's rule, demonstrating a grasp of probability concepts.",False,,4.0,n4,The student demonstrates a clear understanding of the distinction between randomness and equal probability.,2026-04-11 13:52:08.82251+00
P007,7,No it depends on the underlying structure or distribution,What underlying structure does the host's choice follow? Does it change with your initial pick?,concept,"The student is clarifying their understanding of what 'random' means in the context of probability, recognizing it doesn't always imply equal chance.",False,,4.0,n4,"The student demonstrates a nuanced understanding of probability concepts, specifically that randomness is dependent on the underlying structure or distribution.",2026-04-11 13:53:03.34766+00
P007,8,"I don't know, what the underlying structure is. If I knew, for example, that the underlying structure is ""only offer the change of doors, if he initially chose the right door"", then I obviously have no intention of changing (under the premise, I prefer the car over the goat)",Acknowledging progress. What does the host always do after you pick? Does it give a hint?,information,"Student is acknowledging a lack of knowledge about the host's choice pattern, which is a key piece of information in the Monty Hall problem.",False,,2.0,n2,"Student recognizes the importance of the host's rule, but hasn't fully applied it to the problem.",2026-04-11 13:55:52.011072+00
P007,9,I dont understand your Point,What happens after you pick a door? Does host reveal something?,information,The student is missing or not utilizing the key piece of information about the host's actions after the initial pick.,False,,1.0,n1,The student shows some understanding but lacks the crucial detail about the host's behavior.,2026-04-11 13:56:18.785827+00
P007,10,"He did, this time, as you said. But that doesn't reveal a clear tactics, since I don't know, if he always does this",Is host's action always the same? Does it depend on your pick?,information,The student is missing a key piece of information about the host's consistent behavior of always opening a losing door after the contestant's initial pick.,True,The host's action is random,1.0,n1,The student is intuitively considering the host's actions but hasn't correctly applied the information about the host's consistent behavior.,2026-04-11 13:57:45.448099+00
P007,11,"As I said, he did",Does host open a winning door? Can he do that?,information,"Student is missing or ignoring the key piece of information that the host always opens a losing door, regardless of the contestant's initial choice.",True,The host's action is random,1.0,n1,"Student's response is intuitive but incorrect, lacking understanding of the host's consistent action.",2026-04-11 13:58:47.549068+00
P007,12,I dont know. He did not do it this time,What if host can't open the winning door? Would that change things?,information,Student is missing the key piece of information that the host always opens a losing door,False,,1.0,n1,Student is unsure and lacks understanding of the host's actions,2026-04-11 13:59:15.692759+00
P007,13,Yes,Why can't host open the winning door? What rule does that follow?,information,"The student is starting to consider the key piece of information that the host always opens a losing door, which is crucial to solving the Monty Hall Problem.",False,,2.0,n2,The student is partially correct in acknowledging the host's action could be a crucial piece of information.,2026-04-11 13:59:25.827889+00
P007,14,"There was no rule given to me, but maybe to him","What if a rule was given, but not to you? Does that change the game?",information,"The student is missing a key piece of information about the host's behavior, specifically that the host always opens a losing door.",False,,1.0,n1,The student is starting to think about the host's actions but lacks a clear understanding of the rules governing those actions.,2026-04-11 13:59:50.371975+00
P007,15,"As I said, yes","You acknowledged impact, what specific info are you lacking now? Does host's action give a hint?",information,Student is acknowledging the potential impact of a hidden rule on the game without considering the specific information about the host's actions,False,,1.0,n1,Student intuitively senses a change in the game but lacks explicit causal demonstration,2026-04-11 14:00:03.34908+00
P007,16,This isn't going anywhere near something productive. I will end this conversation here,"It seems we didn't reach a conclusive understanding of the Monty Hall Problem. If you're willing, you could try explaining it to someone else, and that might help clarify your thoughts.",point_of_view,"The student is only seeing the conversation from their own perspective and is frustrated with the lack of progress, without considering the tutor's attempts to guide them towards understanding the problem.",False,,0.0,n0,The student provides no justification or reasoning related to the Monty Hall Problem.,2026-04-11 14:01:49.453231+00
P008,1,made sense,"Now, let's break it down further: when you first choose a door, there's a 1/3 chance you picked the prize and a 2/3 chance you didn't. The host's action of opening a door with a goat doesn't change the initial 1/3 chance of your door having the prize, but it does transfer the 2/3 chance to the other unopened door. This means switching doors gives you a 2/3 chance of winning, while sticking with your original choice only gives you a 1/3 chance. Did this explanation help clarify things for you?",expository,Expository control response directly explains the concept and checks understanding.,False,,,,,2026-04-15 10:57:26.799222+00
P008,2,I understood,"So, to summarize: the key to the Monty Hall Problem is that the host's action of opening a door with a goat doesn't change the probability of your original door, but it does give you new information that allows you to transfer the 2/3 chance to the other unopened door. This makes switching the better option, giving you a 2/3 chance of winning the prize. Did you feel like you have a good grasp of the Monty Hall Problem now?",expository,Expository control response directly explains the concept and checks understanding.,False,,,,,2026-04-15 10:57:35.224872+00
P008,3,"yes yes, now I understand","Great. Now explain fully why switching is better, including why your first door is 1/3 and the other becomes 2/3.",expository_check,Student said they understood and was asked for a full explanation.,False,,,,,2026-04-15 10:57:47.076794+00
P008,4,to close,Understood. We can stop here. Thanks for your participation.,purpose,Student explicitly requested to stop the session.,False,,0.0,n0,Student stopped without adding a justification for the choice.,2026-04-15 10:57:58.394761+00
P009,1,"No, I don't agree, if I have 2 doors and can choose either one, it's 50% for each.","Let's break it down. You start with three doors, and the chance of the car being behind each one is 1/3. When you pick a door, the probability of the car being behind that door is still 1/3. The other two doors together have a 2/3 chance of having the car. Now, the host opens one of those two doors and shows a goat. The probability doesn't change for the door you originally picked, it's still 1/3. But the other unopened door now has the entire 2/3 probability, because the door with the goat is out of the game. So, switching to the other door gives you a 2/3 chance of winning. Does this explanation make sense now?",expository,Expository control response directly explains the concept and checks understanding.,False,,,,,2026-04-15 10:52:04.898297+00
P009,2,"I understand, but if the host opens the door, my door is no longer 1/3, I know it's not the last one, because he's already opened it.","Great. Now explain fully why switching is better, including why your first door is 1/3 and the other becomes 2/3.",expository_check,Student said they understood and was asked for a full explanation.,False,,,,,2026-04-15 10:53:48.532844+00
P009,3,"I don't think it's better to change, I think changing and keeping have the same chance.",Thanks for your explanation. Session complete. Please continue to the final questionnaire.,expository_assessment,Final explanatory answer assessed with rubric.,True,incomplete_explanation,1.0,n1,Student provides an intuitive but incorrect explanation.,2026-04-15 10:54:17.440732+00
P010,1,Yes,"So, to break it down further, when you initially choose a door, there's a 1/3 chance the car is behind it and a 2/3 chance it's behind one of the other two doors. When the host opens one of those other two doors and shows a goat, the probability doesn't change for your original door, it's still 1/3, but now the 2/3 chance is concentrated on the other unopened door. This is why switching gives you a better chance of winning. Did this explanation help clarify things for you?",expository,Expository control response directly explains the concept and checks understanding.,False,,,,,2026-04-13 01:36:19.129587+00
P010,2,"Yes, it was helpful","Now, let's summarize the main point: the probability of the car being behind your original door remains 1/3, but the probability of the car being behind the other unopened door is now 2/3, because the host's action of opening a goat door doesn't change the initial probabilities, it just gives you more information. This is why switching doors is the better strategy. Did you understand why switching is the better choice?",expository,Expository control response directly explains the concept and checks understanding.,False,,,,,2026-04-13 01:37:32.68303+00
P010,3,Yes,"So, to recap, the Monty Hall Problem shows that switching doors gives you a 2/3 chance of winning the car, while sticking with your original choice only gives you a 1/3 chance. The key is understanding how the probabilities work and how the host's action affects them. If you're comfortable with the explanation, we can stop here. Did you understand the Monty Hall Problem and would you like to stop or continue exploring it?",expository,Expository control response directly explains the concept and checks understanding.,False,,,,,2026-04-13 01:38:00.522067+00
P011,1,To stay,Why equal chance now? Did host's choice matter?,assumption,"The student's decision to stay implies they assume the probability of the car being behind each of the two remaining doors is equal, which is a common misconception in the Monty Hall problem.",True,It's 50/50 after one door is opened,1.0,n1,The student provides an intuitive but incorrect answer without justification.,2026-04-14 20:08:16.000611+00
P011,2,Yes,How did host's choice affect other doors? Was it random? Did he know?,assumption,"The student implies the host's choice doesn't affect the probability, suggesting an assumption of equal likelihood for the remaining doors.",True,It's 50/50 after one door is opened,1.0,n1,The student provides an intuitive but incorrect response.,2026-04-14 20:08:54.238545+00
P012,1,it's not clear to me why a probability is transferred,"Let's break it down. When you first choose a door, there's a 1/3 chance the prize is behind it and a 2/3 chance it's behind one of the other two doors. This is because there are three doors, and only one has the prize. When Monty opens one of the other two doors and shows you a goat, that door is now out of the running. The probability that the prize was behind one of the two doors you didn't choose is still 2/3. Since one of those doors is now open and has a goat, the entire 2/3 probability ""collapses"" onto the last unopened door. Think of it like the probability is being concentrated onto the one remaining door. This means the probability of the prize being behind the other unopened door is now 2/3. Does this explanation make sense now?",expository,Expository control response directly explains the concept and checks understanding.,False,,,,,2026-04-16 05:43:56.039155+00
P012,2,"No, for me each door has a probability of 1/3, when the presenter opens a door I'm left with two doors with 1/3 probability each, but these thirds now represent 100% of the doors so it's (in my head) a 50% probability on each remaining door.","That's a common intuition, but it's not quite correct. The key is that the presenter's action of opening a door is not random - he will always open a door with a goat. So, when you initially choose a door, there's a 1/3 chance the prize is behind it and a 2/3 chance it's behind one of the other two doors. When the presenter opens a door, he's not giving you new information about your original door, but he is giving you information about the other two doors. Since he'll always open a door with a goat, the 2/3 probability that the prize was behind one of the other two doors doesn't change - it just gets concentrated on the one remaining unopened door. Think of it this way: if you were to play this game many times, and you always stuck with your original door, you'd win about 1/3 of the time. But if you always switched, you'd win about 2/3 of the time. Does that help clarify things?",expository,Expository control response directly explains the concept and checks understanding.,False,,,,,2026-04-16 05:45:50.276927+00
P012,3,So the presenter knows that there is a goat behind the door that opens?,"The presenter, Monty Hall, knows what's behind all the doors and will always open a door with a goat. This is a crucial part of the problem. He's not randomly opening a door; he's deliberately opening a door that he knows has a goat behind it. This means that when he opens a door, he's not giving you a 50-50 chance, but rather, he's revealing information that allows you to update the probabilities. The 2/3 chance that the prize was behind one of the other two doors is still there, and since he's opened a door with a goat, that 2/3 chance now belongs to the one remaining unopened door. Did this clarify the presenter's role?",expository,Expository control response directly explains the concept and checks understanding.,False,,,,,2026-04-16 05:47:22.780209+00
P012,4,What I don't understand is that if I choose a door 1000 times and then change,"Let's break it down. When you choose a door 1000 times, and each time you stick with your original choice, you'll win about 1/3 of the time, or around 333 times. This is because the probability of the prize being behind your original door is 1/3. Now, if you were to switch doors each time, you would win about 2/3 of the time, or around 667 times. The key is that when you switch, you're essentially combining the probabilities of the two doors you didn't originally choose. Since the presenter always opens a door with a goat, switching allows you to take advantage of the 2/3 probability that the prize was behind one of the other two doors. This means that switching gives you a higher chance of winning, even though it might seem counterintuitive. Does this explanation make sense now?",expository,Expository control response directly explains the concept and checks understanding.,False,,,,,2026-04-16 05:48:22.128199+00
P012,5,"What I don't understand is that if I choose the left door 1000 times and then change to the right door 1000 times, and in another universe I choose the right door 1000 times and then change to the left door 1000 times, but the prize remains in the same door in both universes, then in one I would be winning 1/3 of the time even when changing doors.","You're thinking about the symmetry of the problem. If you choose the left door 1000 times and then switch to the right door, and in another universe, you choose the right door 1000 times and then switch to the left door, it seems like the probability of winning should be the same in both cases. However, the key is that the presenter's action of opening a door is not symmetric. When you choose the left door and switch to the right, the presenter will always open the middle door if it has a goat, and when you choose the right door and switch to the left, the presenter will always open the middle door if it has a goat. The presenter's action is conditional on the location of the prize and the door you chose. So, even though it seems symmetric, the probability of winning is not the same in both cases. The switching strategy still gives you a 2/3 chance of winning, but it's not immediately obvious why this is the case. Does this explanation make sense now?",expository,Expository control response directly explains the concept and checks understanding.,False,,,,,2026-04-16 05:50:06.71022+00
P012,6,"That's why the prize stays in the same place, the presenter opens the middle door in both universes, but in one I won 2/3 of the time and in the other I won 1/3 of the time doing exactly the same thing.","You've hit on the paradoxical nature of the Monty Hall problem. It seems like the prize staying in the same place, and the presenter opening the same door (the middle door) in both universes, should lead to the same probability of winning. But the key is that the switching strategy is not just about the door you switch to, but also about the information the presenter provides when he opens the middle door. Even though the presenter opens the same door in both universes, the fact that you chose a different door initially changes the probability of the prize being behind the door you switch to. It's a subtle point, but the Monty Hall problem is all about how the presenter's action provides new information that updates the probabilities. So, even though it seems like you're doing the same thing in both universes, the probabilities are actually different. Does this finally make sense to you?",expository,Expository control response directly explains the concept and checks understanding.,False,,,,,2026-04-16 05:52:39.33601+00
P012,7,"Can you confirm that if I have 2 universes this happens?: the prize stays in the same place, the presenter opens the middle door in both universes, but in one I win 2/3 of the time and in the other I win 1/3 of the time doing exactly the same thing.","No, that's actually not what happens. If the prize stays in the same place and the presenter opens the middle door in both universes, then the probability of winning by switching doors would be the same in both universes, which is 2/3. The Monty Hall problem's symmetry is preserved in this case, and switching doors would give you a 2/3 chance of winning in both universes. The initial choice of door doesn't matter, as the switching strategy takes into account the presenter's action and the updated probabilities. So, in both universes, you would win approximately 2/3 of the time if you switch doors, not 1/3 in one and 2/3 in the other. Did this clear up any confusion?",expository,Expository control response directly explains the concept and checks understanding.,False,,,,,2026-04-16 05:54:15.976491+00
P012,8,"Let's see: UNIVERSE 1: the prize is behind the left door, I choose the left door, the presenter opens the middle one showing a goat, then the probability that the prize is behind the right door is 2/3. So I choose the right door 1000 times, but the prize is behind the left door all 1000 times. UNIVERSE 2: the prize is behind the left door, I choose the right door, the presenter opens the middle one showing a goat, then the probability that the prize is behind the left door is 2/3. So I choose the left door 1000 times, and the prize is behind the left door all 1000 times. In one universe I win every time and in another universe I lose every time with the same probabilities.","I see what you're getting at now. Yes, you're correct. In Universe 1, you initially choose the left door, which has the prize, and then you switch to the right door 1000 times, resulting in 0 wins. In Universe 2, you initially choose the right door, the presenter opens the middle door, and then you switch to the left door 1000 times, resulting in 1000 wins. This seems to contradict the idea that switching doors gives you a 2/3 chance of winning. However, the key is that the 2/3 probability applies to the initial choice and the switching strategy as a whole, not to individual universes or scenarios. In other words, if you were to play the game many times, with random initial choices and switching, you would indeed win approximately 2/3 of the time. But in these specific universes, where the prize location and initial choices are fixed, the outcome is indeed deterministic, and you either win every time or lose every time. Well done for spotting this subtlety!",expository,Expository control response directly explains the concept and checks understanding.,False,,,,,2026-04-16 05:58:06.277235+00
P012,9,"So I have to see it from my point of view and not from the global one, because in the real world the goats and the prize are indeed fixed.","The Monty Hall problem is often misunderstood because people try to think about it from a global or objective perspective, where the prize and goats are randomly distributed. But in the real world, the prize and goats are indeed fixed, and you're making decisions based on the information you have at the time. When you switch doors, you're not changing the probability of the prize being behind a particular door in some objective sense. Instead, you're updating your own probability of winning based on the new information the presenter provides. So, it's essential to think about the problem from your own perspective, taking into account the information you have and the decisions you make. This subjective perspective is what leads to the counterintuitive conclusion that switching doors gives you a 2/3 chance of winning. Did this finally click into place for you?",expository,Expository control response directly explains the concept and checks understanding.,False,,,,,2026-04-16 05:59:52.567237+00
P012,10,"I don't understand, maybe try to explain what probability is and how it's defined","Probability is a measure of how likely something is to happen. It's a number between 0 and 1 that represents the chance or probability of an event occurring. A probability of 0 means the event is impossible, while a probability of 1 means the event is certain.

In the context of the Monty Hall problem, the probability of the prize being behind a particular door is a measure of how likely it is that the prize is actually behind that door, given the information you have.

There are two main ways to think about probability: frequentist and Bayesian.

Frequentist probability is based on the idea that the probability of an event is equal to the long-run frequency of the event. For example, if you flip a fair coin 1000 times, you would expect it to land heads about 500 times, so the probability of getting heads is 500/1000 = 0.5.

Bayesian probability, on the other hand, is based on the idea that probability is a measure of your degree of belief in an event, given the information you have. This type",expository,Expository control response directly explains the concept and checks understanding.,False,,,,,2026-04-16 06:00:53.119399+00
P012,11,and which one are we using now?,"In the context of the Monty Hall problem, we're using Bayesian probability. We're updating our degree of belief about the location of the prize based on the new information provided by the presenter, such as the opening of a door with a goat. This is a classic example of Bayesian inference, where we're revising our probabilities based on new evidence.

Initially, we have a prior probability of 1/3 for each door, since we have no information about the location of the prize. But when the presenter opens a door with a goat, we update our probabilities to reflect the new information. The probability of the prize being behind the door we initially chose remains 1/3, but the probability of the prize being behind the other unopened door becomes 2/3, since the presenter's action has provided new information that updates our degree of belief.

Does this clarify the type of probability we're using in this problem?",expository,Expository control response directly explains the concept and checks understanding.,False,,,,,2026-04-16 06:01:39.634885+00
P013,1,to exchange,Why exchange now? Does the host's action change anything?,information,"The student's response implies they are making a decision, but doesn't show they understand the key information about the host's action and its impact on probability.",False,,1.0,n1,The student gives an intuitive answer without justification.,2026-04-14 23:33:49.993945+00
P013,2,"it was to stay, I spoke wrong",What does the host's action reveal? Does it affect your door?,information,The student is revising their initial response but still hasn't addressed the key information about the host's action and its implications on the probability.,True,My original choice is as good as switching,1.0,n1,"The student's revised answer is intuitive but incorrect, lacking a clear understanding of the probability shift.",2026-04-14 23:34:39.528454+00
P013,3,"Not because I have a 50% chance of getting the door right, just like the 50% chance of getting the door wrong.",Are both doors equally likely initially? Does the host's choice matter?,assumption,The student assumes the two remaining doors are equally likely after one door is opened,True,It's 50/50 after one door is opened,1.0,n1,The student provides an intuitive but incorrect justification,2026-04-14 23:35:17.869243+00
P013,4,"it doesn't have the same initial probability because the initial probability would be 33.3% for each one, when he opens a door he automatically increases to 50 percent the probability of me getting it right",How does the host's opened door affect your chosen door? Does it gain probability?,assumption,"The student assumes the probability of their chosen door increases to 50% after the host opens another door, which is a 50/50 fallacy.",True,It's 50/50 after one door is opened,1.0,n1,The student provides an intuitive but incorrect justification.,2026-04-14 23:37:18.983876+00
P013,5,He gives me more probability however the same probabilities that I have he also has,Does host's choice depend on your pick? Is his action really random?,concept,The student is confused about how the host's action affects the probability of the chosen door and the other unopened door.,True,The host's action is random,1.0,n1,The student's reasoning is intuitive but incorrect about probability transfer.,2026-04-14 23:38:00.786555+00
P013,6,"It depends on who chooses first, and I think yes it's random.",Must host open a door randomly? Can he open any door?,information,"The student is missing the key piece of information that the host's action is not random, but rather dependent on the student's initial choice and the location of the car.",True,The host's action is random,1.0,n1,"The student's answer is intuitive but incorrect, as they misunderstand the host's role and the implications of their actions.",2026-04-14 23:38:55.197638+00
P013,7,can,Must host open a winning door? Can he open your door?,information,"The student is missing the key piece of information that the host always opens a losing door, not just any door.",True,The host's action is random,0.0,n0,The student provides no justification for their answer.,2026-04-14 23:39:05.897371+00
P013,8,can,What if your door has the prize? Can host open it then? Why not?,information,"The student is missing the key piece of information that the host must open a losing door, not just any door.",True,The host's action is random,0.0,n0,The student provides no justification for their answer.,2026-04-14 23:39:27.786602+00
P017,1,did not do,"Let's break it down again. You start with a 1/3 chance of choosing the door with the prize, and a 2/3 chance of choosing a door with a goat. When the host opens a door with a goat, the probability doesn't change for your original door, it's still 1/3. But the 2/3 chance that was split between the other two doors now goes to the one remaining unopened door. So, switching to that door gives you the 2/3 chance of winning. Did this make sense to you?",expository,Expository control response directly explains the concept and checks understanding.,False,,,,,2026-04-13 21:44:51.606257+00
P017,2,no,"Think of it this way: when you first choose a door, there's a 1/3 chance the prize is behind it and a 2/3 chance it's behind one of the other two doors. The host then opens one of those other two doors and shows a goat. The probability that the prize was behind your original door doesn't change, it's still 1/3. But since one of the other two doors is now open and has a goat, the 2/3 chance that was split between those two doors is now all on the one remaining closed door. So, switching to that door gives you the 2/3 chance of winning. Did this make sense to you?",expository,Expository control response directly explains the concept and checks understanding.,False,,,,,2026-04-13 21:45:22.426477+00
P017,3,no,"Let's try again: when you pick a door, there's a 1/3 chance you're right and a 2/3 chance you're wrong. The host then opens a door with a goat, but this doesn't change the 1/3 chance of your original door. The 2/3 chance of being wrong is now focused on the one remaining door, because we know one of the wrong doors has a goat. So, switching to that last door gives you the 2/3 chance, which is better than the 1/3 chance of your original door. Did this make sense to you?",expository,Expository control response directly explains the concept and checks understanding.,False,,,,,2026-04-13 21:45:50.841622+00
P017,4,no,"Imagine the 2/3 chance of the prize being behind one of the other two doors as a ""bundle"" of probability. When the host opens one of those doors and shows a goat, the bundle doesn't disappear, it just gets transferred to the one remaining unopened door. So, the 2/3 chance is now all on that one door. If you switch to that door, you get the entire 2/3 bundle, which is better than sticking with your original 1/3 chance. Did this make sense to you?",expository,Expository control response directly explains the concept and checks understanding.,False,,,,,2026-04-13 21:46:20.450415+00
P017,5,"it doesn't make sense to transfer to a single port, if it's not the only option, choosing not to change is still an option","You're right, switching is not the only option, and you can choose to stick with your original door. However, the key point is that the probability of the prize being behind your original door doesn't change, it's still 1/3. The 2/3 chance is now concentrated on the other unopened door, because we've eliminated one of the possibilities by opening a door with a goat. So, if you stick with your original door, you're sticking with the 1/3 chance, but if you switch, you're taking the 2/3 chance. Did this make sense to you?",expository,Expository control response directly explains the concept and checks understanding.,False,,,,,2026-04-13 21:47:15.179165+00
P017,6,does not make,"Let's try to simplify it: when you first choose a door, you have a 1/3 chance of winning. The other two doors together have a 2/3 chance of winning. When the host opens one of those two doors and shows a goat, the 2/3 chance doesn't disappear, it just moves to the one remaining door. So, the door you didn't choose and the host didn't open now has a 2/3 chance of winning. If you switch to that door, you get the 2/3 chance. If you don't switch, you keep the 1/3 chance. Did this make sense to you?",expository,Expository control response directly explains the concept and checks understanding.,False,,,,,2026-04-13 21:54:27.961832+00
P017,7,"So why doesn't the chosen door get 1/3 more chance of being the prize door, once it's already been confirmed that one of them isn't the prize door?","The reason the chosen door doesn't get an extra 1/3 chance is that the host's action of opening a door is not random. The host knows what's behind each door and will always open a door with a goat. So, when the host opens a door, it's not like a random elimination, it's a deliberate choice to show a goat. The probability of the prize being behind your original door doesn't change, because the host's action is based on knowledge, not chance. The 2/3 chance is transferred to the other unopened door, because we've learned new information, but it's not split evenly between the two remaining doors. Did this make sense to you?",expository,Expository control response directly explains the concept and checks understanding.,False,,,,,2026-04-13 21:55:42.166782+00
P017,8,yes,"I'm glad I could finally help clarify the Monty Hall Problem for you. To recap, the key point is that the host's action of opening a door is not random, and the probability of the prize being behind your original door doesn't change. The 2/3 chance is transferred to the other unopened door, making switching the better option. If you have any more questions or need further clarification, feel free to ask. Otherwise, it was a pleasure helping you understand this classic problem. If you'd like to stop here, I can finish our session politely. Would you like to stop or continue exploring the Monty Hall Problem?",expository,Expository control response directly explains the concept and checks understanding.,False,,,,,2026-04-13 21:56:19.280556+00
P017,9,continue,"Let's explore another aspect of the Monty Hall Problem. Some people find it helpful to think about the problem with 100 doors instead of 3. Imagine you're on a game show with 100 doors, and you choose one. The host then opens 98 doors, showing goats behind each one. You're left with your original door and one other door. In this case, it's more intuitive to see that the probability of the prize being behind your original door is still 1/100, and the probability of the prize being behind the other door is 99/100. The host's action of opening 98 doors hasn't changed the probability of your original door, but it has given you new information that makes the other door much more likely to have the prize. Did this help solidify your understanding of the Monty Hall Problem?",expository,Expository control response directly explains the concept and checks understanding.,False,,,,,2026-04-13 21:56:36.321845+00
P017,10,yes,"The 100-door example can make it clearer that the host's actions are not random and that the probability of the prize being behind your original door doesn't change. Now, let's consider a common misconception: some people think that the probability should be 50/50 between the two remaining doors, since there are only two options left. However, this ignores the fact that the host's actions are based on knowledge, not chance. The initial 1/3 chance of the prize being behind your original door and the 2/3 chance of it being behind one of the other two doors are still relevant, even after the host opens a door. The 2/3 chance is now concentrated on the one remaining unopened door. Did this clarify why the 50/50 intuition is incorrect?",expository,Expository control response directly explains the concept and checks understanding.,False,,,,,2026-04-13 21:57:05.962393+00
P017,11,helped,"I'm glad the explanation helped clarify things for you. To summarize, the key points to remember are: the host's actions are not random, the initial probability of 1/3 for your original door doesn't change, and the 2/3 chance is transferred to the other unopened door. Switching doors gives you the 2/3 chance of winning, while sticking with your original door keeps the 1/3 chance. You've made great progress in understanding the Monty Hall Problem, and I'm happy to have been able to help. If you're ready to move on, I can conclude our session. Would you like to stop here or explore more topics?",expository,Expository control response directly explains the concept and checks understanding.,False,,,,,2026-04-13 21:57:38.425589+00
P017,12,stop,Understood. We can stop here. Thanks for your participation.,purpose,Student explicitly requested to stop the session.,False,,0.0,n0,Student stopped without adding a justification for the choice.,2026-04-13 21:57:45.816102+00
P018,1,"Kind of, why does the probability changes when he open the door?","When the host opens one of the other two doors and shows you a goat, the probability doesn't actually change for the door you originally chose - it's still 1/3. However, the probability that the car is behind one of the other two doors was 2/3, and now that the host has opened one of those doors and shown you a goat, the entire 2/3 probability ""collapses"" onto the one remaining unopened door. So, if you switch, you get that 2/3 chance of winning the car. Did this make sense to you?",expository,Expository control response directly explains the concept and checks understanding.,False,,,,,2026-04-14 14:47:40.417092+00
P018,2,"Yet, it make sense, actually","The key is understanding that the host's action of opening a door doesn't change the initial probability of your chosen door, but it does give you new information that allows you to make a better decision. The 2/3 probability that was initially split between the two other doors now gets concentrated on the single remaining unopened door, making switching the better choice. Did this explanation reinforce your understanding?",expository,Expository control response directly explains the concept and checks understanding.,False,,,,,2026-04-14 14:48:08.267226+00
P018,3,"Yes, i guess. I think know I understand","Great. Now explain fully why switching is better, including why your first door is 1/3 and the other becomes 2/3.",expository_check,Student said they understood and was asked for a full explanation.,False,,,,,2026-04-14 14:48:48.337942+00
P018,4,"Because i have more chance now, even if its 50% in each door",Thanks for your explanation. Session complete. Please continue to the final questionnaire.,expository_assessment,Final explanatory answer assessed with rubric.,True,incomplete_explanation,1.0,n1,Student provides an intuitive but incorrect explanation.,2026-04-14 14:49:20.086168+00
P019,1,To stay,Does the host's choice matter? Is it random? Why stay?,assumption,The student's decision to stay implies they assume the probability of the car being behind each of the two remaining doors is equal.,True,It's 50/50 after one door is opened,1.0,n1,The student's answer is intuitive but incorrect.,2026-04-14 04:17:22.804308+00
P019,2,The host knows what's behind each door. I'm staying because now the odds are 50%.,How did host's knowledge affect door choice? Did host's action change your door's odds? What makes it 50% now?,assumption,The student assumes the two remaining doors are equally likely after one is opened by the host.,True,It's 50/50 after one door is opened,1.0,n1,The student provides an intuitive but incorrect justification.,2026-04-14 04:18:36.847415+00
P019,3,"Yes, it changes the probabilities. Before I opened the door there was a 66% chance it was empty. After, you have 1 empty and 1 with the car.",Is the 66% chance still on your original door? Does opening one door reset all probabilities? Why 50% now?,assumption,"The student assumes the two remaining doors are equally likely after one is opened, which is the 50/50 fallacy.",True,It's 50/50 after one door is opened,1.0,n1,The student provides an intuitive but incorrect justification.,2026-04-14 04:20:28.386358+00
P020,1,Yes,"So, to summarize, when you initially choose a door, there's a 1/3 chance of winning and a 2/3 chance of the prize being behind one of the other two doors. When the host opens a door with a goat, the probability doesn't split evenly between the two remaining doors. Instead, the 2/3 chance ""concentrates"" on the other unopened door, making it more likely to have the prize. This means switching doors gives you a 2/3 chance of winning, while sticking with your original choice only gives you a 1/3 chance. Did this explanation help clarify things for you?",expository,Expository control response directly explains the concept and checks understanding.,False,,,,,2026-04-16 01:04:06.792293+00
P020,2,No,"Let's break it down further. When you first choose a door, there's a 1/3 chance the prize is behind it. This means there's a 2/3 chance the prize is behind one of the other two doors. When the host opens one of those two doors and shows you a goat, the probability that the prize was behind one of those two doors doesn't change - it's still 2/3. Since one of those doors is now open and has a goat, the entire 2/3 chance ""moves"" to the other unopened door. So, switching to that door gives you the 2/3 chance of winning. Did this make sense to you?",expository,Expository control response directly explains the concept and checks understanding.,False,,,,,2026-04-16 01:04:43.128829+00
P020,3,Yes,"Now that you understand the concept, let's reinforce it: the initial 1/3 chance of winning with your chosen door doesn't change, but the 2/3 chance that was split between the other two doors now concentrates on the single remaining unopened door after the host reveals a goat. This makes switching a better strategy, with a 2/3 chance of winning, compared to sticking with your original door, which only has a 1/3 chance. Did this final explanation solidify your understanding of the Monty Hall Problem?",expository,Expository control response directly explains the concept and checks understanding.,False,,,,,2026-04-16 01:05:21.272642+00
P020,4,Yes,"I'm glad I could help you understand the Monty Hall Problem. You now know that switching doors gives you a better chance of winning, with a 2/3 probability, compared to sticking with your original choice, which only has a 1/3 chance. If you have any other questions or topics you'd like to explore in the future, feel free to ask. Otherwise, it was a pleasure helping you, and I bid you farewell.",expository,Expository control response directly explains the concept and checks understanding.,False,,,,,2026-04-16 01:05:42.175315+00
P022,1,"No, it doesn't make sense. If I have 2 doors, no matter what came before, the chance is 50/50 for each.","That's a common intuition, but it's incorrect in this case. The key is that the host's action of opening a door is not random - he will always open a door with a goat. So, when he opens a door and shows a goat, that doesn't change the fact that there was a 2/3 chance the car was behind one of the other two doors initially. Now, with one of those doors opened and showing a goat, the entire 2/3 probability ""collapses"" onto the remaining unopened door. The probability doesn't reset to 50/50 because the host's action is not a random event. Did this explanation help clarify things for you?",expository,Expository control response directly explains the concept and checks understanding.,False,,,,,2026-04-14 14:04:03.071619+00
P022,2,"give up, I give up",Understood. We can stop here. Thanks for your participation.,purpose,Student explicitly requested to stop the session.,False,,0.0,n0,Student stopped without adding a justification for the choice.,2026-04-14 14:04:18.765013+00
P023,1,To change,Why change now? What did host show? Matters?,information,"The student's decision to switch indicates they may have some intuition about the problem, but their response lacks any explanation or justification for their choice.",False,,2.0,n2,"The student's answer is partially correct, as switching is the optimal choice, but they provide no reasoning or explanation.",2026-04-11 21:04:24.677921+00
P023,2,Because the odds are better,Better odds than what? How calculated?,inference,The student draws a conclusion that switching has better odds without explaining why or providing evidence.,False,,3.0,n3,"The student provides a correct answer that switching has better odds, but lacks causal demonstration.",2026-04-11 21:05:11.50317+00
P023,3,At first it's 33% and then 50%,Does host's choice matter? Always random? Why 50%?,assumption,The student assumes the probability of the car being behind each of the two remaining doors is 50% after one door is opened.,True,It's 50/50 after one door is opened,1.0,n1,The student provides an intuitive but incorrect answer.,2026-04-11 21:06:01.551217+00
P023,4,It doesn't matter,Is host's choice really random? Always?,information,"The student is ignoring the key piece of information that the host always opens a losing door, which affects the probability",True,The host's action is random,1.0,n1,The student provides an intuitive but incorrect answer,2026-04-11 21:06:57.0671+00
P023,5,"For the purpose of the contest, if",Host always opens goat door? How does he know?,information,The student's response is incomplete and doesn't address the key piece of information about the host's choice being non-random.,True,The host's action is random,0.0,n0,The student's response lacks any justification or explanation.,2026-04-11 21:07:24.123068+00
P023,6,Because they have the control,What does control let host do?,information,The student recognizes that the host's choice is not random because they have control over the doors and know what's behind them.,False,,3.0,n3,"The student understands the host's action is not random and they have control, but doesn't explicitly demonstrate the causal logic of the probability transfer.",2026-04-11 21:07:51.80889+00
P023,7,Try to prevent the contestant from winning,How does preventing wins affect host's door choice? Is it really about winning or something else?,implication,"The student's statement implies a misunderstanding of the host's role and the game's rules, suggesting the host's goal is to prevent the contestant from winning, rather than following a specific protocol",True,The host are trying to trick me,1.0,n1,The student provides an intuitive but incorrect justification for the host's actions,2026-04-11 21:08:31.476075+00
P023,8,It's about winning,"If host wants contestant to lose, does he open winning door? How does that help?",implication,The student hasn't thought through what their reasoning implies about the host's actions and their impact on the probability of winning.,True,The host's action is random,1.0,n1,The student provides an intuitive but incorrect answer.,2026-04-11 21:09:40.410546+00
P023,9,"If the contestant already has the winning door, it's about choosing another one.",Does choosing another door change the win condition? What's the host's goal again?,implication,The student hasn't thought through what their reasoning implies about the host's actions and their impact on the game's outcome,True,The host's action is random,1.0,n1,The student provides an intuitive but incorrect explanation of the host's actions,2026-04-11 21:11:46.22448+00
P023,10,That the contestant does not win,What does 'not win' mean here? Does it mean something specific happens?,purpose,"The student is clarifying the host's goal, which is related to the purpose of the host's actions in the Monty Hall Problem context.",False,,2.0,n2,The student partially understands the host's role but hasn't fully applied it to the probability implications.,2026-04-11 21:12:18.544562+00
P023,11,That he doesn't get the prize,What about host's actions after contestant picks? Does he have a role then?,point_of_view,"The student is only considering the host's goal from the perspective of preventing the contestant from winning, without fully exploring the implications of the host's actions on the game's outcome.",False,,1.0,n1,The student provides an intuitive but incomplete understanding of the host's role in the game.,2026-04-11 21:12:44.684297+00
P023,12,Just try that the contestant does not win,Is host's action random or based on door content? Does he know something contestant doesn't?,point_of_view,"The student is only considering the host's action from the perspective of preventing the contestant from winning, without thinking about the implications of the host's actions on the probability of the doors.",True,The host's action is random,1.0,n1,"The student's response is intuitive but incorrect, as it doesn't take into account the host's role in the game.",2026-04-11 21:13:32.37884+00
P023,13,You should know where the prize is.,What does host do with that knowledge? How does it affect his choice?,information,"The student is acknowledging that the host knows where the prize is, which is a key piece of information in the Monty Hall Problem.",False,,2.0,n2,"The student recognizes the host's knowledge of the prize location, but hasn't yet applied this to the problem's solution.",2026-04-11 21:14:09.182716+00
P023,14,Make the contestant doubt their choice,Does doubt affect door probability? How does host's knowledge play in?,implication,"The student's response implies the host's action is to make the contestant doubt, but doesn't consider the underlying probability implications of the host's knowledge and actions.",False,,1.0,n1,The student provides an intuitive but incomplete understanding of the host's role.,2026-04-11 21:15:01.874457+00
P023,15,If,What happens if host knows a door has no prize? Does he open it always?,information,The student's response of 'If' indicates they are missing or not utilizing key information about the host's knowledge and its impact on the game.,False,,0.0,n0,The student's response lacks any justification or attempt to apply the information discussed.,2026-04-11 21:15:14.942891+00
P023,16,If,Always open no-prize door? What makes you think that? How does host decide?,information,The student's response of 'If' indicates they are not providing or considering the key information about the host's actions and knowledge.,False,,0.0,n0,The student's response lacks any justification or explanation.,2026-04-11 21:15:33.750418+00
P023,17,Because he knows where the prize is,Does host open a door randomly or always a no-prize one? How does prize location affect this?,information,The student recognizes the host's knowledge of the prize location as a key factor in their decision-making process.,False,,2.0,n2,The student partially understands the host's role and its implications.,2026-04-11 21:16:07.580135+00
P023,18,A sine without a prize,Progress made. What does 'sine' mean here? Is host's action related to prize location?,information,"Student's response is nonsensical and unrelated to the question, indicating a lack of understanding of the host's role and the information provided",False,,0.0,n0,Student's response lacks any coherent justification or connection to the problem,2026-04-11 21:16:29.689509+00
P023,19,If,Progressing. What key fact about host's action do you need? Does prize location matter?,information,The student's response of 'If' indicates they are not providing or utilizing key information about the host's actions and their relation to the prize location.,False,,0.0,n0,The student's response lacks any justification or relevant information.,2026-04-11 21:17:04.068203+00
P023,20,If,What does host know before opening a door? Does that change his choice?,information,The student's response of 'If' indicates they are not providing or considering the key information about the host's action and its relation to the prize location.,False,,0.0,n0,The student's response lacks any justification or relevant information.,2026-04-11 21:17:36.543546+00
P023,21,He knows the location of the prize,Does host's knowledge change your door choice? How?,information,The student has identified a key piece of information about the host's knowledge of the prize location.,False,,2.0,n2,"The student has recognized a crucial aspect of the problem, but hasn't yet applied it to the Monty Hall scenario.",2026-04-11 21:18:00.637743+00
P023,22,No,Does host's knowledge give him an advantage? Should you use that?,implication,The student's response of 'No' implies they haven't thought through what the host's knowledge of the prize location implies for their own door choice,True,My original choice is as good as switching,1.0,n1,The student gives an intuitive but incorrect answer,2026-04-11 21:18:49.120862+00
P023,23,No,Is host's choice random or based on prize? How does that affect your choice?,information,Student is ignoring the key piece of information that the host's knowledge of the prize location affects their door choice,True,The host's action is random,0.0,n0,Student provides no justification for their answer,2026-04-11 21:19:47.70795+00
P023,24,It is not random,What makes host's choice not random? Does he open every door?,information,"The student recognizes that the host's choice is not random, which is a key piece of information in the Monty Hall Problem.",False,,2.0,n2,"The student has some understanding of the host's action, but hasn't applied it to their door choice yet.",2026-04-11 21:20:09.967992+00
P024,1,Does,"It seems like you started to say something, but it got cut off. To continue explaining, when you initially choose a door, there's a 1/3 chance the prize is behind it. The other two doors combined have a 2/3 chance of hiding the prize. When the host opens one of these two doors and shows you a goat, the 2/3 chance doesn't disappear - it transfers to the one remaining unopened door. So, switching doors gives you a 2/3 chance of winning, while sticking with your original choice only gives you a 1/3 chance. Did this make sense to you?",expository,Expository control response directly explains the concept and checks understanding.,False,,,,,2026-04-11 20:06:04.016362+00
P024,2,Does,"It seems like you're trying to say something, but it's not clear. Let me try to clarify the Monty Hall Problem again: when you first choose a door, there's a 1/3 chance you're correct and a 2/3 chance the prize is behind one of the other two doors. When the host opens a door with a goat, the probability doesn't change for your original door (still 1/3), but the other unopened door now has the 2/3 chance of having the prize. This is why switching doors gives you a better chance of winning. Did this make sense to you?",expository,Expository control response directly explains the concept and checks understanding.,False,,,,,2026-04-11 20:07:52.823319+00
P024,3,"It doesn't make sense, in my view it doesn't change anything. It's a lottery, it can be in either of the 2, so I'll stick with my choice.","That's a common intuition, but here's the key: the host's action of opening a door isn't random - he knows what's behind each door and will always open a goat door. This means that when he opens a door, he's not just giving you a 50/50 chance between the two remaining doors. Instead, the 2/3 chance that the prize was behind one of the other two doors initially is now concentrated on the one remaining unopened door. Think of it like this: initially, doors A, B, and C had a 1/3 chance each. When you choose door A, doors B and C combined still have a 2/3 chance. The host opens door B, showing a goat, but this doesn't change the fact that doors B and C initially had a 2/3 chance - now that chance is all on door C. Did this explanation help clarify things for you?",expository,Expository control response directly explains the concept and checks understanding.,False,,,,,2026-04-11 20:11:02.261004+00
P024,4,"Yes, but it doesn't change my point.","You still feel that it's a 50/50 chance between the two remaining doors. However, the crucial point is that the host's action of opening a door isn't just a random reveal - it's a deliberate action that gives you new information. When you first choose a door, there's a 1/3 chance you're right and a 2/3 chance you're wrong. The host's action doesn't change your original 1/3 chance, but it does give you the opportunity to switch to the door that now has the combined 2/3 chance. This is why switching gives you a better chance of winning. To put it simply, the probability doesn't reset to 50/50 just because there are two doors left - the initial 2/3 chance is still ""attached"" to one of those doors. Did this help you see it from a different perspective?",expository,Expository control response directly explains the concept and checks understanding.,False,,,,,2026-04-11 20:12:58.150544+00
P024,5,"No, from the moment the host opens a door, the other two have a 2/3 chance! Even so, I'll keep following my intuition! It no longer matters what you say. So I want to know where the prize is, my choice is door B.","I understand that you've made up your mind and want to stick with your choice. Let's just end the game here. You've chosen door B, and I'll tell you that the prize was actually behind door C. Unfortunately, that means you didn't win. It was a pleasure trying to explain the Monty Hall Problem to you, even if I couldn't change your mind. If you ever want to discuss it again or explore other probability puzzles, feel free to start a new conversation anytime. Goodbye!",expository,Expository control response directly explains the concept and checks understanding.,False,,,,,2026-04-11 20:18:42.890202+00
P024,6,Close,"It was nice assisting you with the Monty Hall Problem. If you have any other questions or topics you'd like to explore in the future, don't hesitate to reach out. Have a great day!",expository,Expository control response directly explains the concept and checks understanding.,False,,,,,2026-04-11 20:19:32.506467+00
P024,7,Finish,Goodbye.,expository,Expository control response directly explains the concept and checks understanding.,False,,,,,2026-04-11 20:19:51.187846+00
P024,8,"End the game yourself, activate completion, go to evaluation","**GAME COMPLETED**

Evaluation: The student was presented with the Monty Hall Problem and provided with explanations to understand the concept of probability transfer. Despite multiple attempts to clarify the idea, the student chose to stick with their initial intuition, deciding not to switch doors. The game ended with the student making a choice and being informed of the prize's location.

Outcome: The student did not win the game, as they chose not to switch doors and the prize was behind the other unopened door.

Assessment: The student demonstrated a common misconception about the Monty Hall Problem, treating it as a simple 50/50 chance between the two remaining doors. The explanations provided highlighted the importance of considering the host's actions and the initial probability distribution, but the student ultimately relied on their intuition.

**EVALUATION COMPLETE**",expository,Expository control response directly explains the concept and checks understanding.,False,,,,,2026-04-11 20:20:16.707698+00
P024,9,I give up,Understood. We can stop here. Thanks for your participation.,purpose,Student explicitly requested to stop the session.,False,,0.0,n0,Student stopped without adding a justification for the choice.,2026-04-11 20:20:30.461213+00
P025,1,Yes,"Now, let's break it down further: when you first choose a door, there's a 1/3 chance the car is behind it and a 2/3 chance it's behind one of the other two doors. The host then opens one of those two doors, showing a goat, but this action doesn't change the 1/3 chance of the car being behind your original door. However, since one of the two other doors is now eliminated, the 2/3 chance ""collapses"" onto the remaining unopened door, making the probability of the car being behind that door 2/3. This is why switching gives you a 2/3 chance of winning, while sticking with your original choice only gives you a 1/3 chance. Did this explanation help clarify things for you?",expository,Expository control response directly explains the concept and checks understanding.,False,,,,,2026-04-14 20:01:47.674116+00
P025,2,Yes,"So, to summarize, the key to the Monty Hall Problem is understanding that the host's action of opening a door and showing a goat doesn't change the initial probability of 1/3 for your chosen door, but it does transfer the 2/3 probability to the other unopened door, making switching the better choice. This means that switching doors gives you a 2/3 chance of winning the car, while sticking with your original choice only gives you a 1/3 chance. Did you fully understand the Monty Hall Problem now?",expository,Expository control response directly explains the concept and checks understanding.,False,,,,,2026-04-14 20:01:59.538698+00
P025,3,Yes,"You now understand that switching doors in the Monty Hall Problem gives you a higher chance of winning the car, which is 2/3, compared to sticking with your original choice, which only has a 1/3 chance. If you're satisfied with your understanding, we can stop here. Would you like to stop or is there anything else you'd like to discuss?",expository,Expository control response directly explains the concept and checks understanding.,False,,,,,2026-04-14 20:02:09.984105+00
P025,4,Stop,Understood. We can stop here. Thanks for your participation.,purpose,Student explicitly requested to stop the session.,False,,0.0,n0,Student stopped without adding a justification for the choice.,2026-04-14 20:02:59.7588+00
P026,1,To stay,Does host's choice matter?,assumption,"The student's decision to stay implies they assume the probability of the car being behind each of the two remaining doors is equal, which is a common misconception in the Monty Hall problem.",True,It's 50/50 after one door is opened,1.0,n1,The student provides an intuitive but incorrect answer.,2026-04-14 14:54:08.722317+00
P026,2,"Yes, he can't open mine or one with the car, he's always going to open one with a goat.",How does that affect door probabilities?,information,"The student recognizes the host's action is not random and he always opens a door with a goat, which is a key piece of information in the Monty Hall problem.",False,,2.0,n2,"The student shows partial understanding by recognizing the host's action, but doesn't apply it to the switching decision.",2026-04-14 14:54:33.713875+00
P026,3,I have a 1/3 chance in each initially,Does initial chance change after host acts?,information,The student is recalling the initial probability distribution but not applying it to the current situation after the host's action.,False,,2.0,n2,The student remembers the initial probabilities but hasn't yet applied them correctly to the situation after the host opens a door.,2026-04-14 14:54:58.888195+00
P026,4,"Yes, I'm going 50% in each one (mine and the one that's left)",Why equal chance now? Did host's action add info?,assumption,The student assumes the two remaining doors are equally likely after the host opens one door.,True,It's 50/50 after one door is opened,1.0,n1,The student provides an intuitive but incorrect answer.,2026-04-14 14:55:29.830074+00
P026,5,"Yes, now I know that the 2 doors that had a 2/3 chance are concentrated on the remaining door, thinking better, I think I would switch, I have more chances.",What does 'concentrated' mean here? How does it change?,implication,The student has finally understood the implication of the host's action on the probability of the remaining doors,False,,4.0,n4,The student correctly demonstrates an understanding of the transferred probability,2026-04-14 14:56:22.215045+00
P026,6,"Initially, the chances were equally distributed: 1/3 for each of the 3 doors. When I chose the first one, I had a 1/3 chance of being right and a 2/3 chance of being wrong. In other words, 2/3 of the chances were in the 2 doors I didn't choose. When one of those 2 doors is opened and I'm allowed to switch, I'm swapping the initial 1/3 for 2/3. The switch is totally worth it.","You've got it, switching gives you 2/3, congratulations, you've solved the Monty Hall Problem",concept,"Student demonstrates understanding of probability distribution and how it changes after the host's action, recognizing the initial 1/3 and 2/3 chances and how they transfer",False,,4.0,n4,Student provides a correct answer with explicit causal demonstration of the probability transfer,2026-04-14 14:58:38.375832+00
P027,1,switch,Why switch now? Does the host's action change anything?,information,"The student's decision to switch implies they are using some information about the problem, but the justification is not provided.",False,,3.0,n3,"The student's answer is correct, but no causal demonstration is provided.",2026-04-13 02:16:17.042538+00
P027,2,Yes it changes the probability but i can't remember exactly how.,What was probability before host acted? How did host's choice affect it?,concept,"The student acknowledges a change in probability but can't recall the specifics, indicating confusion about the underlying probability concept.",False,,2.0,n2,"The student recognizes the host's action affects the probability, showing partial understanding.",2026-04-13 02:16:40.235727+00
P027,3,it was 1/3 before. by revealing one of the other doors switching becomes a fifty fifty versus your original 33 percent?,Is host's choice random? Does he always open a empty door?,assumption,"The student assumes the probability becomes 50/50 after the host reveals one of the other doors, which is a common misconception in the Monty Hall problem.",True,It's 50/50 after one door is opened,1.0,n1,The student provides an intuitive but incorrect explanation of the probability change.,2026-04-13 02:17:22.851117+00
P027,4,if i remember correctly the host deliberately opens an empty door,How does host knowing what's behind doors affect his choice? Does he always have an empty door to open?,information,"The student recalls a key piece of information about the host's action, which is crucial to solving the Monty Hall Problem.",False,,2.0,n2,The student shows partial understanding by recalling the host's deliberate action.,2026-04-13 02:17:54.007789+00
P027,5,yes,What if you chose the car door first? Could host still open an empty door?,information,"The student is confirming a key piece of information about the host's action, which is crucial to understanding the Monty Hall Problem.",False,,2.0,n2,The student is partially correct in understanding the host's role but hasn't fully applied it to the probability question.,2026-04-13 02:18:12.59632+00
P027,6,yes,Does host's action reveal new info about your door? What if he can't open your door?,information,"The student is recalling a key piece of information about the host's action, specifically that the host deliberately opens an empty door.",False,,2.0,n2,The student is partially correct in understanding the host's role but hasn't fully applied it to the probability question.,2026-04-13 02:18:22.434552+00
P027,7,if i chose the car and he reveals an empty door. there is now a 50/50 chance on my door,Does host revealing an empty door change your door's chance? Is it still 1/3?,assumption,"The student assumes the two remaining doors are equally likely after the host reveals an empty door, even when the student's original choice was the car door.",True,It's 50/50 after one door is opened,1.0,n1,"The student's answer is intuitive but incorrect, as they haven't fully grasped the implications of the host's actions.",2026-04-13 02:19:34.355382+00
P027,8,no its fifty fifty,Why equal chance now? What changed for your door?,assumption,"The student assumes the two remaining doors are equally likely after the host opens one, which is the 50/50 fallacy.",True,It's 50/50 after one door is opened,1.0,n1,The student provides an intuitive but incorrect answer.,2026-04-13 02:19:46.533243+00
P027,9,nothing,What makes your door equal to the other? Did something change about them?,assumption,"The student assumes the probability of the student's door is now 50/50 after the host reveals an empty door, without providing a logical explanation for this assumption.",True,It's 50/50 after one door is opened,1.0,n1,The student provides an intuitive but incorrect answer.,2026-04-13 02:19:58.326814+00
P027,10,one of the worng answers was removed,Were chances equal before a door was removed? Does removal make them equal?,assumption,"The student assumes the two remaining doors are equally likely after one is removed, which is the 50/50 fallacy.",True,It's 50/50 after one door is opened,1.0,n1,The student provides an intuitive but incorrect answer.,2026-04-13 02:20:14.889912+00
P027,11,yes,Were they equal before opening? Does removal make them equal now?,assumption,"The student assumes the two remaining doors are equally likely after one is opened, which is the 50/50 fallacy.",True,It's 50/50 after one door is opened,1.0,n1,The student provides an intuitive but incorrect answer.,2026-04-13 02:20:24.06264+00
P027,12,yes,Is removal random? Does host choose randomly?,assumption,"The student assumes the two remaining doors are equally likely after one is opened, which is the 50/50 fallacy.",True,It's 50/50 after one door is opened,1.0,n1,The student provides an intuitive but incorrect answer.,2026-04-13 02:20:29.202157+00
P027,13,no,Is host's choice random? Does he pick any door?,assumption,"The student assumes the two remaining doors are equally likely after one is opened, despite the host's non-random choice",True,It's 50/50 after one door is opened,1.0,n1,The student provides an intuitive but incorrect answer,2026-04-13 02:20:34.377289+00
P027,14,no,What does host know before opening? Does he open any door?,information,"The student is acknowledging that the host's choice is not random, which is a key piece of information in the Monty Hall Problem.",True,It's 50/50 after one door is opened,2.0,n2,The student is partially correct in understanding the host's role but still holds an incorrect assumption about the probability.,2026-04-13 02:20:40.276395+00
P027,15,he knows all doors contents. he opens empty door,How does host's knowledge affect door choice? Does he open empty door by chance?,information,"The student acknowledges that the host knows all doors' contents and opens an empty door, which is a key piece of information in the Monty Hall Problem.",False,,2.0,n2,"The student is partially correct, recognizing the host's knowledge and action, but still hasn't fully grasped the probability implications.",2026-04-13 02:20:58.194863+00
P027,16,no,What makes host's door choice not random? Does he always open empty door?,information,"The student is acknowledging that the host's choice is not random, but still hasn't fully grasped how this information affects the probability of the doors.",True,It's 50/50 after one door is opened,2.0,n2,"The student is partially correct in understanding the host's role, but still hasn't applied this to the probability of the doors.",2026-04-13 02:21:05.347023+00
P027,17,he has previous knowledge,How does previous knowledge change his actions? Does it apply to all doors equally?,information,"The student recognizes the host's previous knowledge as a key factor, but still hasn't fully applied this information to the probability of the doors",True,It's 50/50 after one door is opened,2.0,n2,"The student is partially correct in understanding the host's role, but hasn't yet applied this to the door probabilities",2026-04-13 02:21:16.907523+00
P027,18,idk,What information does host have that you don't? Does it change his door choice?,information,"The student is unsure about how the host's previous knowledge affects his actions, indicating a lack of understanding of a key piece of information.",True,The host's action is random,1.0,n1,The student is intuitively unsure but hasn't demonstrated a correct understanding of the host's knowledge and its implications.,2026-04-13 02:21:30.15181+00
P027,19,idk,What does host know that you don't? How does it affect his choice?,information,The student is unable to recognize or utilize the key piece of information that the host's knowledge of the doors' contents affects his choice of which door to open,True,It's 50/50 after one door is opened,1.0,n1,The student's response indicates a lack of understanding of the host's role and its impact on the probability,2026-04-13 02:21:36.618211+00
P027,20,i dont know how it affects his choice,Is host's choice based on chance? Does he have a rule?,information,The student is missing or unclear about a key piece of information regarding how the host's knowledge affects his door choice.,True,The host's action is random,1.0,n1,The student's response is intuitive but lacks understanding of the host's role in the game.,2026-04-13 02:21:48.010301+00
P027,21,he reveals an empty door,What makes his revealed door empty? Is it always the same door?,information,"The student acknowledges the host reveals an empty door, but still lacks understanding of how this information affects the probability of the remaining doors.",False,,2.0,n2,"The student partially understands the host's role, but hasn't demonstrated a clear grasp of the problem's probability implications.",2026-04-13 02:22:02.021078+00
P027,22,no it is not always the same door,What makes his choice not random? Does he know what's behind each door?,information,"The student is starting to understand that the host's choice is not random, but still lacks clarity on how the host's knowledge affects his door choice.",False,,2.0,n2,"The student is partially correct in understanding the host's role, but lacks a clear explanation.",2026-04-13 02:22:21.358807+00
P027,23,yes he knows ive already said that i understand that,How does host's knowledge affect his choice of door to open? Does he ever reveal the car?,information,The student is acknowledging the host's knowledge but not applying it to understand how it affects the host's door choice,True,The host's action is random,1.0,n1,The student has an intuitive sense of the host's knowledge but is not using it correctly,2026-04-13 02:22:36.490364+00
P027,24,no he never reveals the car,What happens if you pick the car door first? Does host's action change?,information,"The student acknowledges a key piece of information about the host's behavior, specifically that he never reveals the car.",False,,2.0,n2,The student demonstrates partial understanding of the host's role.,2026-04-13 02:22:47.054162+00
P027,25,no he still reveals an empty door,Does host choose door before or after you pick? How does timing matter?,information,The student is focusing on the host revealing an empty door but is missing the key piece of information about how the host's knowledge influences his choice to reveal a specific empty door,True,The host's action is random,1.0,n1,The student provides an intuitive response but lacks understanding of the host's role,2026-04-13 02:23:01.382096+00
P027,26,he reveals after. this means that initially you have a 1/3 chance of being right. if you remove an option the door you choose still remains 1/3 but the other door is 1/2. it is wise to switch,Why does your door's chance stay 1/3? What about new information?,inference,The student draws a conclusion that switching is wise based on their understanding of the host's knowledge and the probability distribution after a door is removed.,False,,3.0,n3,The student provides a correct answer without explicitly demonstrating the causal logic of the initial 1/3 and transferred 2/3 probability.,2026-04-13 02:24:02.25139+00
P027,27,it stays 1/3 because you picked it at 1/3 chance. the new information only changes the door you dont have info on,Does new info change all doors or just one? What makes your door's chance unchanged?,assumption,The student assumes their initial door choice probability remains unchanged at 1/3 after new information is revealed.,True,It's 50/50 after one door is opened,1.0,n1,The student provides an intuitive but incorrect justification for their answer.,2026-04-13 02:24:42.862583+00
P027,28,i just told you,What new info did you get? Does it apply to your door?,information,The student is ignoring the tutor's attempt to clarify the impact of new information on the probability of the doors.,True,The remaining doors are equally likely,1.0,n1,"The student's response is intuitive but incorrect, failing to account for the updated probabilities after the host's action.",2026-04-13 02:24:55.871673+00
P027,29,no,Does host's action give info about your door? How is it connected?,information,"The student is missing the key piece of information that the new information gained after the host opens a door applies to both the initially chosen door and the other unopened door, not just the one they don't have information on.",True,The remaining doors are equally likely,1.0,n1,"The student's answer is intuitive but incorrect, showing a lack of understanding of how new information updates probabilities.",2026-04-13 02:25:02.149695+00
P027,30,no,What if host opens your door? Is that possible? Does rule prevent it?,information,The student is ignoring the key piece of information that the host's action provides new information about the remaining doors.,True,The host's action is random,1.0,n1,"The student's answer is intuitive but incorrect, showing a lack of understanding of the host's role.",2026-04-13 02:25:11.29869+00
P027,31,if host opens my door then there cant be an offer to switch which is in the monty hall prblem,What rule makes host not open your door? Does it help host or you?,information,"Student is starting to understand the host's action provides new information, but still missing the key insight that this information updates the probability of their initial door choice",True,My original choice is as good as switching,2.0,n2,"Student is partially correct in understanding the host's role, but still lacks a clear causal demonstration",2026-04-13 02:25:44.048381+00
P027,32,it helps host if you dont switch helps you if you switch,"If it helps you to switch, what does that say about your original choice? Is it really as good?",implication,"The student is starting to understand the implications of the host's actions on the probability of their initial door choice, but still hasn't fully grasped the concept",True,My original choice is as good as switching,2.0,n2,"The student is partially correct in understanding the host's role, but hasn't demonstrated a full understanding of the probability implications",2026-04-13 02:26:01.221737+00
P027,33,it was fine before he offers you the chance to switch,What makes the other two doors equal now? Does host's action make them equal?,assumption,The student assumes their initial door choice remains unchanged at 1/3 chance after new information is revealed.,True,My original choice is as good as switching,1.0,n1,The student provides an intuitive but incorrect justification for their answer.,2026-04-13 02:26:21.769823+00
P027,34,i dont know,What does host know about doors? Does he open randomly?,information,"The student is unsure about how the host's action affects the probability of the other two doors, indicating a lack of understanding of a key piece of information.",True,The remaining doors are equally likely,1.0,n1,The student is intuitively unsure but hasn't demonstrated a correct understanding of the probability implications.,2026-04-13 02:26:37.56821+00
P027,35,you've asked this before and i answered.,What did you mean by 'i answered'? Did that answer change anything?,information,"The student is avoiding providing information about the host's knowledge and action, which is crucial to understanding the Monty Hall problem.",False,,0.0,n0,The student fails to provide any justification or explanation for their understanding of the host's action.,2026-04-13 02:26:51.986686+00
P027,36,I mean that you are frustrating me anyourself and being vagued repeating,How does host see the doors? Same as you?,point_of_view,"The student is expressing frustration and feeling personally attacked, indicating they are only seeing the problem from their own emotional perspective.",False,,0.0,n0,The student is not providing any justification or reasoning related to the Monty Hall problem.,2026-04-13 02:27:19.769416+00
P027,37,no as i have said before,Does host's view change odds? What does he know that you don't?,information,"The student is not providing new information and instead refers to a previous answer, indicating they are not considering the host's knowledge in the current context.",True,The host's action is random,1.0,n1,The student's response is intuitive but does not demonstrate a correct understanding of the host's role in the Monty Hall problem.,2026-04-13 02:27:31.373473+00
P027,38,ive answered this question already,What if host's view is key? Does your view change with new info?,point_of_view,The student is becoming frustrated and not considering the tutor's perspective or the host's knowledge in the Monty Hall problem.,True,My original choice is as good as switching,0.0,n0,The student is not providing any justification for their answer.,2026-04-13 02:27:43.442046+00
P027,39,yes it changes and ive answered this question,What new info do you get when a door opens? Does it apply to your first choice?,information,"The student is ignoring the tutor's attempt to clarify the host's knowledge and its impact on the probability, instead focusing on their frustration with the repeated questioning.",True,My original choice is as good as switching,1.0,n1,"The student is providing an intuitive but incorrect response, failing to demonstrate an understanding of how the host's knowledge updates the probability.",2026-04-13 02:28:00.66807+00
P027,40,ive answered this question,What makes you think your answer applies now? Is something different this time?,information,The student is ignoring the tutor's attempt to clarify their understanding of the host's knowledge and its impact on the probability.,True,My original choice is as good as switching,0.0,n0,The student is not providing any justification for their answer.,2026-04-13 02:28:10.265547+00
P028,1,switch,Why switch?,information,"The student's response implies they have some understanding of the problem, but their answer lacks any explanation or justification.",False,,3.0,n3,"The student chose the correct action, switching, but did not provide any reasoning or causal demonstration.",2026-04-13 04:56:37.066747+00
P029,1,Yes.,"Now, let's break it down further: when you initially choose a door, there's a 1/3 chance the car is behind it and a 2/3 chance it's behind one of the other two doors. The host's action of opening a door with a goat doesn't change the initial 1/3 chance of your chosen door, but it does transfer the 2/3 chance to the other unopened door, making the probability of the car being behind that door 2/3. This means switching gives you a 2/3 chance of winning the car, while sticking with your original choice only gives you a 1/3 chance. Did this explanation help clarify things for you?",expository,Expository control response directly explains the concept and checks understanding.,False,,,,,2026-04-11 20:51:30.112986+00
P029,2,"No, you just repeated what you said before. Also, the description is not 100% accurate.","I'll try to provide a more accurate and new explanation. The key point is that the host's knowledge and action of opening a door with a goat are crucial. When the host opens a door, it's not just a random reveal, but rather a deliberate action to show a goat. This means that the probability doesn't reset to 50/50 between the two remaining doors. Instead, the probability of the car being behind each door is updated based on the new information. Can I try to explain it in a different way, or would you like to point out what specifically was inaccurate in my previous description? Did this start to make sense to you?",expository,Expository control response directly explains the concept and checks understanding.,False,,,,,2026-04-11 20:52:41.490504+00
P029,3,"OK, I understand the Monty Hall problem but would never explain it the way you have. You need to lay it out with actual mathematics not just ""it's 2/3 if you swap, trust me bro"".","Great. Now explain fully why switching is better, including why your first door is 1/3 and the other becomes 2/3.",expository_check,Student said they understood and was asked for a full explanation.,False,,,,,2026-04-11 20:54:26.408663+00
P029,4,When you initially choose a door you have a 1/3 chance of choosing correctly. That is pretty obvious.,Thanks for your explanation. Session complete. Please continue to the final questionnaire.,expository_assessment,Final explanatory answer assessed with rubric.,True,incomplete_explanation,2.0,n2,Student starts with the initial 1/3 chance but does not complete the explanation.,2026-04-11 20:55:13.293494+00
P031,1,"no, unclear what was the ""original"" choice and once the first door is open the chance now is 50 50","Let me clarify. When you first choose a door, there's a 1/3 chance the car is behind it and a 2/3 chance it's behind one of the other two doors. The host then opens one of the other two doors, but not the one with the car. At this point, the 2/3 chance that the car was behind one of the other two doors now transfers to the single remaining unopened door, because we know the host didn't open the door with the car. So, the probability of the car being behind the original door you chose is still 1/3, but the probability of it being behind the other unopened door is now 2/3. It's not 50-50 because the host's action gave us new information. Did this make sense to you?",expository,Expository control response directly explains the concept and checks understanding.,False,,,,,2026-04-11 18:20:24.071779+00
P031,2,ok,"It seems like you're starting to understand, but still a bit unsure. To summarize again: when you first choose a door, there's a 1/3 chance the car is behind it. The other two doors together have a 2/3 chance of hiding the car. When the host opens one of those two doors and shows a goat, the 2/3 chance ""collapses"" onto the single remaining unopened door, making it more likely to have the car. So, switching to that door gives you a 2/3 chance of winning, while sticking with your original choice only gives you a 1/3 chance. Did this explanation help clarify things for you?",expository,Expository control response directly explains the concept and checks understanding.,False,,,,,2026-04-11 18:21:34.927823+00
P031,3,"yes, what is the question","The question is: Should you stick with your original door choice or switch to the other unopened door to increase your chances of winning the car? The answer is that switching to the other unopened door gives you a 2/3 chance of winning, while sticking with your original choice only gives you a 1/3 chance. Did you understand why switching is the better strategy?",expository,Expository control response directly explains the concept and checks understanding.,False,,,,,2026-04-11 18:22:22.246297+00
P031,4,no,"Let's break it down again. When you first choose a door, there's a 1/3 chance the car is behind it and a 2/3 chance it's behind one of the other two doors. The host then opens one of those two doors, showing a goat. The key point is that the host will never open the door with the car. So, the 2/3 chance that the car was behind one of the other two doors now ""transfers"" to the single remaining unopened door. This means the probability of the car being behind the original door you chose is still 1/3, but the probability of it being behind the other unopened door is now 2/3. Did this explanation help you understand why switching gives you a better chance of winning?",expository,Expository control response directly explains the concept and checks understanding.,False,,,,,2026-04-11 18:22:55.152123+00
P031,5,no,"Let's try again. Think of it like this: when you first choose a door, you have a 1/3 chance of being correct. The other two doors together have a 2/3 chance of being correct. When the host opens one of those two doors and shows a goat, he's essentially giving you information about one of the doors that had a 2/3 chance. By showing you a goat, he's saying ""it's not this one"", but he's not giving you any new information about your original door. So, the 2/3 chance that was split between the two doors is now focused on the single remaining door. This means that the probability of the car being behind the other unopened door is now 2/3, making it more likely than your original door. Did this explanation help you understand why switching is better?",expository,Expository control response directly explains the concept and checks understanding.,False,,,,,2026-04-11 18:23:57.240569+00
P031,6,no,"Let's simplify it further. Imagine you have 3 doors: A, B, and C. You choose door A, so there's a 1/3 chance the car is behind A and a 2/3 chance it's behind B or C. The host opens door B and shows a goat. Now, we know the car is not behind B. The question is, where is the 2/3 chance that was behind B or C now? It's still behind one of the two doors, but since we know B has a goat, the 2/3 chance is now behind door C. So, door C has a 2/3 chance of having the car, and door A still has a 1/3 chance. Switching to door C gives you a better chance of winning. Did this explanation help?",expository,Expository control response directly explains the concept and checks understanding.,False,,,,,2026-04-11 18:25:05.352867+00
P031,7,"okay, got it","Great. Now explain fully why switching is better, including why your first door is 1/3 and the other becomes 2/3.",expository_check,Student said they understood and was asked for a full explanation.,False,,,,,2026-04-11 18:27:37.794823+00
P031,8,do you just want me to expain the same as above?,Thanks for your explanation. Session complete. Please continue to the final questionnaire.,expository_assessment,Final explanatory answer assessed with rubric.,True,incomplete_explanation,0.0,n0,The student did not provide any justification for their answer.,2026-04-11 18:28:31.656414+00
P032,1,Not really. The concept of transferring probability doesn't really make sense to me. I do think splitting the explanation into shorter sentences and starting with the subject would make it a bit easier to understand.,"You choose a door. There's a 1/3 chance the prize is behind your chosen door. The other two doors have a 2/3 chance of having the prize. When the host opens one of these two doors and shows a goat, the 2/3 chance doesn't disappear - it transfers to the one remaining unopened door. This means switching to that door gives you a 2/3 chance of winning. Did this make sense to you?",expository,Expository control response directly explains the concept and checks understanding.,False,,,,,2026-04-13 01:48:02.18744+00
P032,2,Not really; the concept of transferring probabilities doesn't mesh with anything I learned in school. So it's just confusing,"Probabilities don't actually ""transfer"" like a physical object. A better way to think about it is that when you first choose a door, there's a 1/3 chance the prize is behind it and a 2/3 chance it's behind one of the other two doors. When the host opens one of those two doors and shows a goat, the 1/3 chance that the prize was behind your original door doesn't change, but now you know the prize is either behind your door or the other unopened door. Since the probability that the prize was behind one of the other two doors was 2/3, and now one of those doors is eliminated, the 2/3 chance ""condenses"" onto the last unopened door. Did this make sense to you?",expository,Expository control response directly explains the concept and checks understanding.,False,,,,,2026-04-13 01:51:00.539415+00
P032,3,"That's clearer. Without having already understood how this problem works, it's a bit unclear why the 1/3 doesn't split between the remaining unopened doors to make it 50/50","That's a common intuition. The key is that the host's action of opening a door isn't random - he knows what's behind each door and will always reveal a goat. If the host were to randomly open one of the two doors, then yes, the probability would split 50/50 between the two remaining doors. But because the host knows what's behind each door and will always show a goat, the fact that he opens a door and shows a goat doesn't give us any new information about our original door, it only gives us information about the other two doors. Did this make sense to you?",expository,Expository control response directly explains the concept and checks understanding.,False,,,,,2026-04-13 01:58:15.285907+00
P032,4,yes,"Now that you understand why the probability doesn't split 50/50, let's summarize: when you first choose a door, there's a 1/3 chance the prize is behind it and a 2/3 chance it's behind one of the other two doors. The host opens one of those two doors, showing a goat, and this action doesn't change the 1/3 chance of your original door, but it does mean the 2/3 chance is now concentrated on the last unopened door. So, switching to that door gives you a 2/3 chance of winning. Did this explanation reinforce your understanding?",expository,Expository control response directly explains the concept and checks understanding.,False,,,,,2026-04-13 01:59:35.080844+00
P032,5,"Yes, that's a much clearer explanation than the first one","I'm glad I could improve the explanation and help clarify the concept for you. The Monty Hall Problem can be a bit counterintuitive at first, but breaking it down step by step and understanding the host's role in revealing information can make it more understandable. If you're ready to move on, I consider our explanation complete. It was a pleasure helping you understand the Monty Hall Problem.",expository,Expository control response directly explains the concept and checks understanding.,False,,,,,2026-04-13 02:00:07.867505+00
P032,6,ok,"It was a pleasure helping you understand the Monty Hall Problem. If you have any other questions or need help with anything else, feel free to ask. Otherwise, have a great day!",expository,Expository control response directly explains the concept and checks understanding.,False,,,,,2026-04-13 02:00:35.366067+00
P033,1,Switch,Why switch now? What changed?,information,The student's response lacks any explanation or justification for their decision to switch.,False,,3.0,n3,"The student chose the correct action, switching, but didn't provide any reasoning.",2026-04-15 13:30:08.344197+00
P033,2,"The conditions under which I chose the door presented a 1 in 3 chance of having the car. The other two doors represented a 2 in 3 chance. When one of the other doors was opened, the probabilities didn't change. I still had a 1 in 3 chance of having the car, and the other two doors still had a 2 in 3 chance.

So it makes better statistical sense to switch to the case with the higher probability. I still might not win; I might've gotten lucky with my first pick.",Does host's choice matter? Is it random?,information,Student is acknowledging the initial probabilities but misunderstanding how they update after the host's action,True,The remaining doors are equally likely,1.0,n1,Student has an intuitive but incorrect understanding of probability updates,2026-04-15 13:32:32.417146+00
P033,3,"If the host knows which door the car is behind, and only opens doors it knows are duds, then yes it matters. They can be selective and avoid the car door, which preserves the original probabilities.

If the host opens doors at random, then there's a chance the car might be revealed. This has the effect of resetting the probabilities for each door opened. In the random case, the end result is that the choice becomes 50/50.",What happens to the 2 in 3 chance when host reveals one empty door?,concept,Student understands the distinction between the host's informed and random choices but incorrectly concludes the random case results in a 50/50 choice,True,The host's action is random,2.0,n2,"Student partially understands the problem, recognizing the host's knowledge affects the outcome but misapplies probability in the random case",2026-04-15 13:36:50.415228+00
P033,4,"In the non-random case, where the host knows where the car is, the 2 in 3 chance is preserved. In the random case, where the host might accidentally reveal the car, the 2 in 3 chance is erased and the choice becomes 1 in 2.",Does host's knowledge affect the initial 2 in 3 chance? How?,concept,"Student is demonstrating understanding of probability concepts, specifically the distinction between the random and non-random cases in the Monty Hall problem.",False,,4.0,n4,Student provides a correct answer with explicit causal demonstration of the probability concepts.,2026-04-15 13:38:37.9393+00
P033,5,"The host's knowledge matters only insofar as it informs the approach they use to opening the doors. The host might know where the car is, but if they use a random door opening approach, the probabilities get reset each time. If they only reveal empty doors and avoid the car, then the probabilities remain the same.",Does host's approach change the 2 in 3 chance after one door opens? How?,concept,"Student is clarifying how the host's knowledge affects the probability, showing understanding of the concept of conditional probability in the Monty Hall problem.",False,,4.0,n4,Student demonstrates a clear understanding of how the host's knowledge and approach affect the probabilities.,2026-04-15 13:42:27.585652+00
P033,6,Yes. Informed choice preserves the 2 in 3 chance. Random choice would reset it after every door opening.,Does preserving the 2 in 3 chance help you? What does it mean for your switch?,implication,The student understands the implications of the host's choice being informed or random on the probability of the remaining doors.,False,,4.0,n4,The student demonstrates a clear understanding of how the host's approach affects the probability.,2026-04-15 13:44:28.27287+00
P033,7,It helps me. I naturally want to pick the option with the higher probability. I want that car.,Does switch still help with 2 in 3 chance? What's the new split?,implication,The student understands the implication of preserving the 2 in 3 chance and how it affects their decision to switch doors.,False,,4.0,n4,"The student demonstrates a correct understanding of the problem and its implications, including the initial 1/3 and transferred 2/3 logic.",2026-04-15 13:45:22.357922+00
P033,8,"If I started with 1 in 3, and I'm offered a chance to switch to a 2 in 3, I'm going to take that offer.","You switch, what are the new door probabilities? Does the 2 in 3 split change?",implication,"The student understands the implication of switching on their chances of winning the car, recognizing the improved probability from 1/3 to 2/3.",False,,4.0,n4,The student demonstrates a clear understanding of the causal relationship between switching and the increased probability of winning.,2026-04-15 13:46:13.262861+00
P033,9,"Assuming informed door-picking, there would be no change in the split.",Progressing. What does 'no change' imply about other doors?,implication,The student hasn't thought through what their reasoning implies about the probability split after switching doors.,True,The remaining doors are equally likely,2.0,n2,The student partially understands the concept but fails to apply it correctly to the switching scenario.,2026-04-15 13:46:41.403936+00
P033,10,"After the initial choice, knowing which door is empty has no impact if the choice to open it was informed.",What happens to the empty door's probability? Does it transfer?,implication,The student is understanding the implication of the host's informed choice on the probability of the doors after one is opened.,False,,3.0,n3,The student correctly understands the implication of the host's informed choice without fully demonstrating the causal logic.,2026-04-15 13:48:14.168178+00
P033,11,Transfer to what?,To which door does it transfer? Is it split?,question_at_issue,"The student is asking for clarification on what the probability transfers to, indicating they are focused on the correct question of how probabilities change after the host's action.",False,,3.0,n3,The student demonstrates understanding of the problem and its probabilities but needs further clarification on a specific point.,2026-04-15 13:48:32.699649+00
P033,12,It transfers to whatever remaining closed doors exist in the original group that was selected.,Which doors are in that original group? Are they equal?,information,The student is correctly understanding and utilizing the key piece of information that the host's action is informed and that the probability transfers to the remaining closed doors,False,,4.0,n4,The student demonstrates a correct understanding of the probability transfer in the Monty Hall problem,2026-04-15 13:49:19.783671+00
P033,13,"In the original problem, there are 2 groups. 1 in 3 chance, so 1 door; 2 in 3 chance, so 2 doors. They're not equal.",How do these groups change after a door opens? Are the 2 doors still a group?,concept,"The student is demonstrating an understanding of the probability groups in the Monty Hall problem, recognizing the unequal distribution of probabilities between the initially chosen door and the other two doors.",False,,4.0,n4,The student explicitly acknowledges the initial 1/3 and 2/3 probability split and its implications.,2026-04-15 13:50:30.093465+00
P033,14,"Assuming non-random door choice, it's still 1 in 3, and 2 in 3 in terms of probabilities. But there are only 2 doors to choose between. The door count and probability spread are distinct from one another.",Do these 2 doors have equal probability now? Does 'non-random' affect this?,concept,The student is demonstrating an understanding of the distinction between door count and probability spread in the Monty Hall problem.,False,,4.0,n4,The student explicitly recognizes the initial 1/3 and 2/3 probability split and its implications after a door opens.,2026-04-15 13:52:25.457901+00
P033,15,"In the informed door choice, the 2 doors don't have equal probabilities. In the random choice, the 2 doors *do* have equal probabilities.",What makes a door choice 'informed'? Does host's action matter?,concept,"The student is demonstrating a clear understanding of how probability works in the context of the Monty Hall problem, specifically distinguishing between informed and random door choices.",False,,4.0,n4,The student provides a correct answer with explicit causal demonstration of the probability logic.,2026-04-15 13:53:16.787718+00
P033,16,"Host's action matters, as I specified above. If the host is choosing only non-car doors, the probabilities are maintained. If the hose is choosing at random, then the probabilities are reset.",What does 'reset' mean here? Is it 50/50 now?,concept,The student is demonstrating a clear understanding of how the host's action affects the probabilities in the Monty Hall problem.,False,,4.0,n4,The student explicitly understands the causal demonstration of the host's action on the probabilities.,2026-04-15 13:54:20.134718+00
P033,17,"Yes, 50/50.",Always 50/50 after reset? What about initial choice?,information,"The student is acknowledging the host's action and its impact on the probability, but is simplifying to a specific scenario where probabilities are 'reset' to 50/50.",False,,3.0,n3,The student correctly identifies the condition under which the probability becomes 50/50.,2026-04-15 13:54:34.405287+00
P033,18,Initial choice doesn't matter if the host's choosing pattern is random. It does matter if the host's choosing pattern is informed.,Does host's pattern change initial door odds? How?,concept,The student is demonstrating an understanding of how the host's choosing pattern affects the probability of the initial choice.,False,,4.0,n4,The student explicitly understands the distinction between informed and random host choice patterns and their impact on probabilities.,2026-04-15 13:55:28.497968+00
P033,19,The initial door odds aren't impacted by the host's choosing pattern. The starting conditions are 1 in 3 you selected the car door and 2 in 3 that you didn't. The host's choosing pattern (random or informed) only matters once you start revealing empty doors.,What happens when host reveals an empty door? Does your choice odds change then?,concept,The student demonstrates a clear understanding of how the host's choosing pattern affects the probabilities after the initial door selection.,False,,4.0,n4,The student correctly explains the initial door odds and how the host's choosing pattern impacts the probabilities after revealing empty doors.,2026-04-15 13:57:54.892178+00
P033,20,"Again, it depends on the host's choosing pattern. Informed empty door reveals condense the probabilities. Random empty door reveals reset them.",How do condensed probabilities differ from initial odds? Does 'condense' mean combine?,concept,The student is demonstrating a clear understanding of how the host's choosing pattern affects the probabilities in the Monty Hall problem.,False,,4.0,n4,The student provides a correct answer with explicit causal demonstration of the host's choosing pattern impact.,2026-04-15 13:59:05.07651+00
P033,21,"It does mean combine. The probability is ""condensed"" down to the remaining door instead of being spread amongst the remaining doors.","Progressing, what stays with the original door? Does condensing change its chance?",concept,"The student is explaining how probabilities change after the host reveals an empty door, indicating an understanding of the concept of probability condensation in the Monty Hall problem.",False,,3.0,n3,"The student correctly understands the concept of probability condensation, but does not explicitly demonstrate the causal logic behind it.",2026-04-15 14:00:39.361659+00
P033,22,"Condensing doesn't change the probability of the original door choice. You still have a 1 in 3 chance of having a car, and the remaining door now has a 2 in 3 chance of having a car.","You've got it, now explain to someone why switching gives 2/3",concept,"The student demonstrates understanding of how probabilities are affected by the host's actions, specifically that the original door's probability remains unchanged at 1/3.",False,,3.0,n3,The student correctly states the initial and final probabilities without fully explaining the causal logic behind the probability transfer.,2026-04-15 14:01:43.834828+00
P034,1,would change,Why switch now?,information,"The student's decision to switch indicates they are using some information about the problem, but the reasoning behind this choice is not provided.",False,,3.0,n3,"The student chose to switch, which is the correct action, but did not provide any causal demonstration for this choice.",2026-04-14 20:00:34.441855+00
P034,2,"to open it right away, since the other one didn't open, a sign that it's going to take a while",Does the host's action give a hint? Is the closed door special? What makes it special?,inference,"The student draws a conclusion that switching doors allows them to open it right away, which doesn't logically follow from the given information.",True,It's 50/50 after one door is opened,1.0,n1,The student provides an intuitive but incorrect justification for switching doors.,2026-04-14 20:01:13.662708+00
P034,3,"maybe, or just so the person won't change",Is host's action random? Does it depend on your choice? What if you chose the prize door?,implication,The student hasn't thought through what their reasoning implies about the host's actions and the probability of the closed door having the prize.,True,The host's action is random,1.0,n1,The student provides an intuitive but incorrect justification for their choice.,2026-04-14 20:02:58.671474+00
P034,4,"it depends on my choice, I believe it's just to change my mind","If host wants you to switch, why show empty door? What would host show if you picked prize?",implication,"The student believes the host's action depends on their choice, but hasn't thought through what this implies about the probability of the doors.",True,The host's action is random,1.0,n1,The student has an intuitive but incorrect understanding of the host's action.,2026-04-14 20:03:56.979253+00
P034,5,would be just to create a doubt,How does creating doubt help the host? What's the host's goal?,implication,"The student's response implies that the host's action is intended to influence the contestant's decision, but doesn't fully consider the implications of this strategy",True,The host's action is random or intended to trick me,1.0,n1,The student provides an intuitive but incorrect explanation for the host's action,2026-04-14 20:05:01.462873+00
P034,6,"If he's a presenter, he wants to gain time and entertain the audience.",What about host's role in game rules? Does he want you to win?,point_of_view,"The student is only considering the host's perspective as a presenter wanting to entertain the audience, without fully addressing the probability aspect of the problem.",False,,1.0,n1,The student provides an intuitive but incorrect justification for the host's actions.,2026-04-14 20:05:37.970168+00
P034,7,it doesn't matter,What if host's actions affect winning chances? Does game rule matter?,point_of_view,The student is only considering the host's role in terms of entertainment and not as a part of the game rules that affect the probability of winning,False,,0.0,n0,The student provides no justification for their claim that the host's role doesn't matter,2026-04-14 20:05:56.623382+00
P034,8,They can affect since the final decision will be mine.,What does 'affect winning chances' mean for switching? Does it change the odds? How?,implication,The student acknowledges the host's actions can affect winning chances but doesn't think through what this implies about the probability of winning if they switch or stick with their original choice.,False,,2.0,n2,The student partially understands the host's role but doesn't demonstrate a clear understanding of how it affects the probability.,2026-04-14 20:06:30.059991+00
P034,9,He just wants to raise doubts about the choice and gain more time until the end.,Progressing. How does host's action impact odds? Consider host's role?,point_of_view,"The student is only considering the host's actions from the perspective of entertaining the audience and creating doubt, without fully understanding the host's role in the game rules and its impact on the winning chances.",True,The host's action is random,1.0,n1,The student provides an intuitive but incorrect explanation for the host's actions.,2026-04-14 20:07:16.078542+00
P034,10,He can keep the responsibility for my wrong choice,Does host's action seem random? How does that fit his role?,implication,The student hasn't thought through what their reasoning implies about the host's role and its impact on the game's odds,True,The host's action is random,1.0,n1,The student provides an intuitive but incorrect explanation of the host's actions,2026-04-14 20:07:57.532615+00
P034,11,It's all part of the game,Is host's action really random? What pattern does it follow?,point_of_view,The student is still seeing the host's role from the perspective of entertainment rather than understanding the host's action as a crucial part of the game that affects the odds,True,The host's action is random,1.0,n1,"The student's response is intuitive but incorrect, as they haven't fully grasped the host's role in affecting the odds of winning",2026-04-14 20:08:12.410162+00
P034,12,it follows a pattern to always leave the doubt,What if doubt isn't random? Does pattern help host? Affect your win?,implication,The student hasn't thought through what their reasoning about the host's pattern of leaving doubt implies for the probability of winning,True,The host's action is to create doubt,1.0,n1,"The student's answer is intuitive but incorrect, as it doesn't consider the actual impact of the host's actions on the odds",2026-04-14 20:08:28.150932+00
P034,13,yes,What win chance does pattern give you? Does it change with switching?,implication,"The student's response implies they are starting to understand the host's role and its impact on the game, but hasn't fully thought through what this means for their chances of winning",False,,2.0,n2,"The student is partially correct, showing some understanding of the host's role, but lacks explicit causal demonstration",2026-04-14 20:08:37.333741+00
P034,14,50% of the presenter has no preference,Is presenter's choice random after you pick? Does it matter which door you chose?,assumption,"The student assumes the presenter's preference has a 50% chance, which is a 50/50 fallacy",True,It's 50/50 after one door is opened,1.0,n1,The student provides an intuitive but incorrect answer,2026-04-14 20:08:56.429754+00
P034,15,"yes, it doesn't matter which port I choose",Does host open any door? Always a losing one?,information,"The student is missing the key piece of information that the host's action is not random and always reveals a losing door, which affects the probability of winning.",True,The host's action is random,1.0,n1,"The student's answer is intuitive but incorrect, as they still haven't fully grasped the host's role in the game.",2026-04-14 20:09:16.84323+00
P034,16,yes,What happens if you switch? Does host's action give a hint?,information,"The student is confirming a key piece of information about the host's action, but not fully understanding its implications for the game.",False,,2.0,n2,"The student is partially correct in understanding the host's role, but hasn't fully grasped how it affects the odds of winning.",2026-04-14 20:09:37.65638+00
P034,17,not only leaves doubts,What does 'not only leaves doubts' really mean? How does it change your choice?,implication,"The student's response implies they are starting to understand the host's action is not just about creating doubt, but they haven't fully thought through what this means for their chances of winning.",True,The host's action is to create doubt,1.0,n1,"The student's answer is intuitive but incorrect, as they haven't fully grasped the implications of the host's actions on the odds of winning.",2026-04-14 20:10:00.713044+00
P034,18,I can change my mind,What changes when you change mind? Does new choice use new info?,implication,"The student's statement 'I can change my mind' implies they are starting to understand the host's action provides new information, but they haven't fully thought through what this means for their chances of winning",False,,2.0,n2,The student is partially correct in recognizing the host's action allows them to reassess their choice,2026-04-14 20:10:20.670249+00
P034,19,no,Does host's action reveal something? Is it random or based on doors?,information,The student is missing the key piece of information that the host's action provides new information about the remaining doors.,True,The host's action is random,1.0,n1,"The student's response is intuitive but incorrect, indicating a lack of understanding of the host's role in the game.",2026-04-14 20:10:37.207964+00
P034,20,random,Must host open a losing door? Is that a rule?,information,"The student is missing the key piece of information that the host's action is not random, but rather based on the doors, always opening a losing one.",True,The host's action is random,1.0,n1,"The student's answer is intuitive but incorrect, as they believe the host's action is random.",2026-04-14 20:10:47.385837+00
P034,21,"yes, to give emotion",Why must host open losing door? Is it just for emotion?,information,"The student is missing the key piece of information that the host's action is not random, but rather based on the rule that they must open a losing door.",True,The host's action is random,1.0,n1,"The student's answer is intuitive but incorrect, as they still believe the host's action is random.",2026-04-14 20:11:05.398678+00
P034,22,yes,What if host can't open your door? Why not? Does rule apply?,information,"The student is missing or ignoring the key piece of information that the host's action is not random, but rather based on the rule that they must open a losing door",True,The host's action is random,1.0,n1,"The student's answer is intuitive but incorrect, as they still believe the host's action is random",2026-04-14 20:11:24.379982+00
P034,23,I don't know,What happens if you pick a winning door? Can host still open any door?,information,The student is missing or unclear about a key piece of information regarding the host's action and its implications,True,The host's action is random,0.0,n0,The student has not provided any justification or reasoning for their answer,2026-04-14 20:11:34.14501+00
P034,24,I don't know,What stops host from opening your door? Is it a rule or chance?,information,The student is missing or unclear about a key piece of information regarding the host's actions and rules in the Monty Hall problem.,True,The host's action is random,0.0,n0,The student provides no justification or understanding of the problem.,2026-04-14 20:11:42.441409+00
P034,25,to give emotion,Does emotion rule apply if host has no choice? What makes host choose?,information,"The student is missing the key piece of information that the host's action is not random, but rather based on a rule to always open a losing door.",True,The host's action is random,0.0,n0,The student provides no justification for their answer.,2026-04-14 20:11:54.389056+00
P034,26,I give up,Understood. We can stop here. Thanks for your participation.,purpose,Student explicitly requested to stop the session.,False,,0.0,n0,Student stopped without adding a justification for the choice.,2026-04-14 20:12:00.610338+00
P035,1,Yes,"So, to summarize, when you initially choose a door, there's a 1/3 chance of winning the car and a 2/3 chance of the car being behind one of the other two doors. When the host opens a door with a goat, the probability doesn't change for your original door, it's still 1/3, but the 2/3 chance is now concentrated on the other unopened door, making switching give you a 2/3 chance of winning the car. This is why switching doors gives you a better chance of winning. Did this explanation help clarify things for you?",expository,Expository control response directly explains the concept and checks understanding.,False,,,,,2026-04-13 00:52:59.335974+00
P035,2,More or less,"Let me try to simplify it further. When you first choose a door, there's a 1/3 chance the car is behind it. The other two doors combined have a 2/3 chance of having the car. When the host opens one of those two doors and shows you a goat, the 2/3 chance doesn't disappear - it just gets transferred to the one remaining unopened door. So, switching to that door gives you the 2/3 chance of winning. Did this make it clearer for you?",expository,Expository control response directly explains the concept and checks understanding.,False,,,,,2026-04-13 00:53:56.327576+00
P035,3,No,"Let's break it down step by step. Initially, you choose a door, and it has a 1/3 chance of having the car. The other two doors together have a 2/3 chance of having the car. When the host opens one of those two doors and shows you a goat, that door now has a 0% chance of having the car. The 1/3 chance of your original door doesn't change, but the 2/3 chance that was split between the two doors is now all on the one remaining unopened door. This means switching to that door gives you a 2/3 chance of winning. Did this explanation help you understand it better?",expository,Expository control response directly explains the concept and checks understanding.,False,,,,,2026-04-13 00:55:21.378583+00
P035,4,No,"Think of it like this: when you first choose a door, you have a 1/3 chance of being right and a 2/3 chance of being wrong. The host's action of opening a door with a goat doesn't change the fact that you were probably wrong (2/3 chance) when you first chose. Since the host's action gives you new information, you can now put the 2/3 chance of being wrong into the one remaining unopened door. This means that door now has a 2/3 chance of having the car, making it the better choice. Did this make sense to you?",expository,Expository control response directly explains the concept and checks understanding.,False,,,,,2026-04-13 00:57:15.543361+00
P036,1,it doesn't make sense to me,"Let me break it down further. When you first choose a door, there's a 1/3 chance the car is behind it and a 2/3 chance it's behind one of the other two doors. The host then opens one of those other two doors and shows you a goat. This doesn't change the 1/3 chance of your original door, but it does mean the 2/3 chance is now concentrated on the one remaining unopened door. So, if you switch, you get that 2/3 chance of winning the car, which is better than sticking with your original 1/3 chance. Did this explanation help you understand it better?",expository,Expository control response directly explains the concept and checks understanding.,False,,,,,2026-04-15 16:14:04.985135+00
P036,2,"didn't help, I'm not understanding","Think of it this way: when you pick a door, there's a 1/3 chance you got the car and a 2/3 chance you didn't. The host's action of opening a goat door doesn't change your original 1/3 chance, but it does give you new information. Since there's a 2/3 chance the car was behind one of the other two doors, and the host just showed you a goat behind one of them, the 2/3 chance is now all on the one remaining door. Switching to that door gives you the 2/3 chance of winning, which is higher than your original 1/3 chance. Did this make it clearer for you?",expository,Expository control response directly explains the concept and checks understanding.,False,,,,,2026-04-15 16:14:19.621922+00
P036,3,"that doesn't make sense, there are 2 doors in the end, 50/50","That's a common intuition, but it's not quite correct. The key is that the host's action of opening a door isn't random - he always opens a door with a goat. This means that when you're left with two doors, one of which was your original choice and the other of which is the remaining unopened door, the probability isn't 50/50. The 2/3 chance that the car was behind one of the other two doors initially is still concentrated on the remaining unopened door, because the host's action didn't give you any new information about your original door. So, the probability is still 1/3 for your original door and 2/3 for the other door. Did this help clarify things for you?",expository,Expository control response directly explains the concept and checks understanding.,False,,,,,2026-04-15 16:14:41.253374+00
P036,4,"it didn't help, I want to stop",Understood. We can stop here. Thanks for your participation.,purpose,Student explicitly requested to stop the session.,False,,0.0,n0,Student stopped without adding a justification for the choice.,2026-04-15 16:14:50.509813+00
